line_idx,tts,k_theirs,k_opt,verdict,t_sec
79,"[1, 6]",5,5,OPTIMAL,0.03
83,"[1, 10]",3,3,OPTIMAL,0.01
87,"[1, 22]",6,6,OPTIMAL,0.04
91,"[1, 26]",5,5,OPTIMAL,0.03
95,"[1, 40]",5,5,OPTIMAL,0.03
99,"[1, 44]",5,5,OPTIMAL,0.03
103,"[1, 60]",4,4,OPTIMAL,0.01
107,"[1, 104]",7,7,OPTIMAL,0.35
111,"[1, 110]",5,5,OPTIMAL,0.05
115,"[1, 128]",4,4,OPTIMAL,0.01
119,"[1, 134]",7,7,OPTIMAL,0.41
123,"[1, 138]",4,4,OPTIMAL,0.02
127,"[1, 150]",7,7,OPTIMAL,0.38
131,"[1, 154]",5,5,OPTIMAL,0.07
135,"[1, 168]",3,3,OPTIMAL,0.01
139,"[1, 173]",5,5,OPTIMAL,0.07
143,"[1, 189]",6,6,OPTIMAL,0.14
147,"[1, 233]",6,6,OPTIMAL,0.15
151,"[1, 239]",3,3,OPTIMAL,0.03
155,"[2, 5]",3,3,OPTIMAL,0.03
159,"[2, 9]",5,5,OPTIMAL,0.13
163,"[2, 13]",3,3,OPTIMAL,0.04
167,"[2, 21]",4,4,OPTIMAL,0.05
171,"[2, 25]",5,5,OPTIMAL,0.13
175,"[2, 29]",4,4,OPTIMAL,0.04
179,"[2, 41]",6,6,OPTIMAL,0.18
183,"[2, 45]",4,4,OPTIMAL,0.04
187,"[2, 61]",4,4,OPTIMAL,0.03
191,"[2, 65]",5,5,OPTIMAL,0.10
195,"[2, 69]",4,4,OPTIMAL,0.04
199,"[2, 73]",7,7,OPTIMAL,0.63
203,"[2, 77]",5,5,OPTIMAL,0.08
207,"[2, 85]",2,2,OPTIMAL,0.02
211,"[2, 89]",5,5,OPTIMAL,0.08
215,"[2, 93]",3,3,OPTIMAL,0.02
219,"[2, 105]",7,7,OPTIMAL,0.47
223,"[2, 109]",6,6,OPTIMAL,0.11
227,"[2, 125]",5,5,OPTIMAL,0.07
231,"[2, 129]",6,6,OPTIMAL,0.10
235,"[2, 133]",5,5,OPTIMAL,0.07
239,"[2, 137]",5,5,OPTIMAL,0.07
243,"[2, 141]",4,4,OPTIMAL,0.03
247,"[2, 149]",6,6,OPTIMAL,0.11
251,"[2, 153]",4,4,OPTIMAL,0.02
255,"[2, 157]",5,5,OPTIMAL,0.07
259,"[2, 169]",4,4,OPTIMAL,0.03
263,"[2, 174]",4,4,OPTIMAL,0.03
267,"[2, 190]",5,5,OPTIMAL,0.07
271,"[2, 194]",4,4,OPTIMAL,0.03
275,"[2, 198]",4,4,OPTIMAL,0.03
279,"[2, 202]",4,4,OPTIMAL,0.04
283,"[2, 207]",3,3,OPTIMAL,0.03
287,"[2, 215]",5,5,OPTIMAL,0.07
291,"[2, 219]",6,6,OPTIMAL,0.12
295,"[2, 223]",3,3,OPTIMAL,0.02
299,"[2, 235]",5,5,OPTIMAL,0.08
303,"[2, 239]",4,4,OPTIMAL,0.03
307,"[3, 4]",3,3,OPTIMAL,0.02
311,"[3, 8]",3,3,OPTIMAL,0.02
315,"[3, 12]",2,2,OPTIMAL,0.03
319,"[3, 20]",4,4,OPTIMAL,0.03
323,"[3, 24]",5,5,OPTIMAL,0.06
327,"[3, 28]",4,4,OPTIMAL,0.03
331,"[3, 40]",4,4,OPTIMAL,0.03
335,"[3, 44]",4,4,OPTIMAL,0.04
339,"[3, 60]",3,3,OPTIMAL,0.02
343,"[3, 64]",3,3,OPTIMAL,0.02
347,"[3, 68]",2,2,OPTIMAL,0.02
351,"[3, 72]",5,5,OPTIMAL,0.07
355,"[3, 76]",3,3,OPTIMAL,0.02
359,"[3, 84]",2,2,OPTIMAL,0.02
363,"[3, 88]",5,5,OPTIMAL,0.07
367,"[3, 92]",3,3,OPTIMAL,0.02
371,"[3, 104]",6,6,OPTIMAL,0.13
375,"[3, 108]",5,5,OPTIMAL,0.07
379,"[3, 124]",4,4,OPTIMAL,0.03
383,"[3, 128]",3,3,OPTIMAL,0.02
387,"[3, 132]",5,5,OPTIMAL,0.09
391,"[3, 136]",2,2,OPTIMAL,0.02
395,"[3, 140]",3,3,OPTIMAL,0.02
399,"[3, 148]",6,6,OPTIMAL,0.11
403,"[3, 152]",5,5,OPTIMAL,0.07
407,"[3, 156]",5,5,OPTIMAL,0.08
411,"[3, 168]",2,2,OPTIMAL,0.03
415,"[3, 173]",4,4,OPTIMAL,0.03
419,"[3, 189]",5,5,OPTIMAL,0.08
423,"[3, 193]",4,4,OPTIMAL,0.03
427,"[3, 197]",4,4,OPTIMAL,0.03
431,"[3, 201]",5,5,OPTIMAL,0.10
435,"[3, 206]",3,3,OPTIMAL,0.04
439,"[3, 214]",6,6,OPTIMAL,0.15
443,"[3, 218]",5,5,OPTIMAL,0.06
447,"[3, 222]",5,5,OPTIMAL,0.08
451,"[3, 234]",3,3,OPTIMAL,0.02
455,"[3, 238]",2,2,OPTIMAL,0.02
459,"[3, 254]",2,2,OPTIMAL,0.02
463,"[6, 10]",5,5,OPTIMAL,0.07
467,"[6, 16]",5,5,OPTIMAL,0.07
471,"[6, 22]",6,6,OPTIMAL,0.10
475,"[6, 26]",7,7,OPTIMAL,0.45
479,"[6, 32]",5,5,OPTIMAL,0.07
483,"[6, 36]",7,7,OPTIMAL,0.43
487,"[6, 40]",6,6,OPTIMAL,0.10
491,"[6, 44]",7,7,OPTIMAL,0.48
495,"[6, 48]",5,5,OPTIMAL,0.08
499,"[6, 52]",7,7,OPTIMAL,0.39
503,"[6, 56]",6,6,OPTIMAL,0.11
507,"[6, 60]",7,7,OPTIMAL,0.50
511,"[6, 96]",5,5,OPTIMAL,0.10
515,"[6, 102]",4,4,OPTIMAL,0.05
519,"[6, 106]",7,7,OPTIMAL,0.76
523,"[6, 112]",5,5,OPTIMAL,0.08
527,"[6, 118]",5,5,OPTIMAL,0.08
531,"[6, 122]",7,7,OPTIMAL,0.58
535,"[6, 128]",5,5,OPTIMAL,0.11
539,"[6, 134]",6,6,OPTIMAL,0.15
543,"[6, 138]",6,6,OPTIMAL,0.16
547,"[6, 144]",5,5,OPTIMAL,0.09
551,"[6, 150]",6,6,OPTIMAL,0.11
555,"[6, 154]",7,7,OPTIMAL,0.52
559,"[6, 160]",5,5,OPTIMAL,0.07
563,"[6, 164]",7,7,OPTIMAL,0.33
567,"[6, 168]",5,5,OPTIMAL,0.07
571,"[6, 173]",7,7,OPTIMAL,0.37
575,"[6, 177]",6,6,OPTIMAL,0.11
579,"[6, 181]",7,7,OPTIMAL,0.40
583,"[6, 185]",5,5,OPTIMAL,0.06
587,"[6, 189]",7,7,OPTIMAL,0.39
591,"[6, 225]",6,6,OPTIMAL,0.08
595,"[6, 231]",6,6,OPTIMAL,0.10
599,"[6, 235]",6,6,OPTIMAL,0.10
603,"[6, 242]",5,5,OPTIMAL,0.05
607,"[6, 248]",4,4,OPTIMAL,0.03
611,"[6, 254]",5,5,OPTIMAL,0.07
615,"[7, 11]",4,4,OPTIMAL,0.02
619,"[7, 17]",3,3,OPTIMAL,0.02
623,"[7, 23]",4,4,OPTIMAL,0.02
627,"[7, 27]",5,5,OPTIMAL,0.06
631,"[7, 33]",6,6,OPTIMAL,0.09
635,"[7, 37]",6,6,OPTIMAL,0.09
639,"[7, 42]",4,4,OPTIMAL,0.03
643,"[7, 46]",5,5,OPTIMAL,0.07
647,"[7, 50]",4,4,OPTIMAL,0.02
651,"[7, 54]",5,5,OPTIMAL,0.07
655,"[7, 58]",5,5,OPTIMAL,0.08
659,"[7, 62]",6,6,OPTIMAL,0.10
663,"[7, 98]",5,5,OPTIMAL,0.07
667,"[7, 104]",6,6,OPTIMAL,0.09
671,"[7, 110]",5,5,OPTIMAL,0.06
675,"[7, 114]",4,4,OPTIMAL,0.05
679,"[7, 120]",4,4,OPTIMAL,0.03
683,"[7, 126]",6,6,OPTIMAL,0.10
687,"[7, 130]",5,5,OPTIMAL,0.06
691,"[7, 136]",2,2,OPTIMAL,0.01
695,"[7, 142]",5,5,OPTIMAL,0.07
699,"[7, 146]",7,7,OPTIMAL,0.55
703,"[7, 152]",5,5,OPTIMAL,0.06
707,"[7, 158]",7,7,OPTIMAL,0.49
711,"[7, 162]",4,4,OPTIMAL,0.03
715,"[7, 166]",5,5,OPTIMAL,0.05
719,"[7, 171]",4,4,OPTIMAL,0.02
723,"[7, 175]",3,3,OPTIMAL,0.02
727,"[7, 179]",4,4,OPTIMAL,0.02
731,"[7, 184]",4,4,OPTIMAL,0.02
735,"[7, 188]",6,6,OPTIMAL,0.11
739,"[7, 224]",4,4,OPTIMAL,0.02
743,"[7, 230]",5,5,OPTIMAL,0.06
747,"[7, 234]",4,4,OPTIMAL,0.02
751,"[7, 241]",4,4,OPTIMAL,0.02
755,"[7, 247]",3,3,OPTIMAL,0.01
759,"[7, 251]",3,3,OPTIMAL,0.01
763,"[8, 11]",3,3,OPTIMAL,0.01
767,"[8, 17]",3,3,OPTIMAL,0.02
771,"[8, 23]",5,5,OPTIMAL,0.06
775,"[8, 27]",4,4,OPTIMAL,0.02
779,"[8, 33]",5,5,OPTIMAL,0.06
783,"[8, 37]",5,5,OPTIMAL,0.06
787,"[8, 41]",6,6,OPTIMAL,0.11
791,"[8, 45]",5,5,OPTIMAL,0.06
795,"[8, 49]",3,3,OPTIMAL,0.01
799,"[8, 53]",4,4,OPTIMAL,0.02
803,"[8, 57]",4,4,OPTIMAL,0.02
807,"[8, 61]",5,5,OPTIMAL,0.07
811,"[8, 97]",7,7,OPTIMAL,0.51
815,"[8, 103]",5,5,OPTIMAL,0.07
819,"[8, 107]",7,7,OPTIMAL,0.49
823,"[8, 113]",5,5,OPTIMAL,0.06
827,"[8, 119]",2,2,OPTIMAL,0.01
831,"[8, 123]",5,5,OPTIMAL,0.06
835,"[8, 129]",6,6,OPTIMAL,0.10
839,"[8, 135]",4,4,OPTIMAL,0.02
843,"[8, 139]",4,4,OPTIMAL,0.02
847,"[8, 145]",5,5,OPTIMAL,0.07
851,"[8, 151]",6,6,OPTIMAL,0.12
855,"[8, 155]",5,5,OPTIMAL,0.09
859,"[8, 161]",5,5,OPTIMAL,0.08
863,"[8, 165]",4,4,OPTIMAL,0.04
867,"[8, 169]",5,5,OPTIMAL,0.09
871,"[8, 174]",3,3,OPTIMAL,0.03
875,"[8, 178]",5,5,OPTIMAL,0.10
879,"[8, 182]",6,6,OPTIMAL,0.13
883,"[8, 186]",4,4,OPTIMAL,0.03
887,"[8, 190]",5,5,OPTIMAL,0.07
891,"[8, 226]",4,4,OPTIMAL,0.03
895,"[8, 232]",5,5,OPTIMAL,0.06
899,"[8, 238]",3,3,OPTIMAL,0.02
903,"[8, 243]",2,2,OPTIMAL,0.01
907,"[8, 249]",5,5,OPTIMAL,0.08
911,"[9, 10]",5,5,OPTIMAL,0.07
915,"[9, 16]",5,5,OPTIMAL,0.07
919,"[9, 22]",6,6,OPTIMAL,0.11
923,"[9, 26]",7,7,OPTIMAL,0.53
927,"[9, 32]",5,5,OPTIMAL,0.07
931,"[9, 36]",6,6,OPTIMAL,0.12
935,"[9, 40]",6,6,OPTIMAL,0.15
939,"[9, 44]",7,7,OPTIMAL,0.58
943,"[9, 48]",5,5,OPTIMAL,0.09
947,"[9, 52]",6,6,OPTIMAL,0.15
951,"[9, 56]",7,7,OPTIMAL,0.54
955,"[9, 60]",7,7,OPTIMAL,0.60
959,"[9, 96]",5,5,OPTIMAL,0.10
963,"[9, 102]",4,4,OPTIMAL,0.05
967,"[9, 106]",7,7,OPTIMAL,0.48
971,"[9, 112]",5,5,OPTIMAL,0.07
975,"[9, 118]",5,5,OPTIMAL,0.07
979,"[9, 122]",7,7,OPTIMAL,0.46
983,"[9, 128]",5,5,OPTIMAL,0.10
987,"[9, 134]",6,6,OPTIMAL,0.10
991,"[9, 138]",6,6,OPTIMAL,0.12
995,"[9, 144]",5,5,OPTIMAL,0.07
999,"[9, 150]",6,6,OPTIMAL,0.09
1003,"[9, 154]",7,7,OPTIMAL,0.39
1007,"[9, 160]",5,5,OPTIMAL,0.06
1011,"[9, 164]",6,6,OPTIMAL,0.09
1015,"[9, 168]",5,5,OPTIMAL,0.06
1019,"[9, 173]",6,6,OPTIMAL,0.09
1023,"[9, 177]",6,6,OPTIMAL,0.09
1027,"[9, 181]",7,7,OPTIMAL,0.38
1031,"[9, 185]",5,5,OPTIMAL,0.06
1035,"[9, 189]",6,6,OPTIMAL,0.09
1039,"[9, 225]",7,7,OPTIMAL,0.48
1043,"[9, 231]",7,7,OPTIMAL,0.41
1047,"[9, 235]",6,6,OPTIMAL,0.10
1051,"[9, 242]",4,4,OPTIMAL,0.02
1055,"[9, 248]",5,5,OPTIMAL,0.06
1059,"[9, 254]",5,5,OPTIMAL,0.06
1063,"[10, 14]",3,3,OPTIMAL,0.01
1067,"[10, 18]",4,4,OPTIMAL,0.02
1071,"[10, 22]",7,7,OPTIMAL,0.75
1075,"[10, 26]",4,4,OPTIMAL,0.03
1079,"[10, 30]",5,5,OPTIMAL,0.06
1083,"[10, 34]",2,2,OPTIMAL,0.01
1087,"[10, 38]",5,5,OPTIMAL,0.06
1091,"[10, 42]",3,3,OPTIMAL,0.02
1095,"[10, 46]",4,4,OPTIMAL,0.02
1099,"[10, 50]",3,3,OPTIMAL,0.02
1103,"[10, 54]",5,5,OPTIMAL,0.09
1107,"[10, 58]",3,3,OPTIMAL,0.01
1111,"[10, 62]",5,5,OPTIMAL,0.06
1115,"[10, 66]",5,5,OPTIMAL,0.06
1119,"[10, 70]",4,4,OPTIMAL,0.02
1123,"[10, 74]",4,4,OPTIMAL,0.02
1127,"[10, 78]",3,3,OPTIMAL,0.01
1131,"[10, 82]",4,4,OPTIMAL,0.02
1135,"[10, 86]",5,5,OPTIMAL,0.07
1139,"[10, 90]",3,3,OPTIMAL,0.01
1143,"[10, 94]",4,4,OPTIMAL,0.02
1147,"[10, 98]",5,5,OPTIMAL,0.06
1151,"[10, 102]",4,4,OPTIMAL,0.02
1155,"[10, 106]",5,5,OPTIMAL,0.06
1159,"[10, 110]",5,5,OPTIMAL,0.06
1163,"[10, 114]",4,4,OPTIMAL,0.02
1167,"[10, 118]",5,5,OPTIMAL,0.06
1171,"[10, 122]",4,4,OPTIMAL,0.02
1175,"[10, 126]",5,5,OPTIMAL,0.06
1179,"[10, 130]",5,5,OPTIMAL,0.06
1183,"[10, 134]",6,6,OPTIMAL,0.10
1187,"[10, 138]",3,3,OPTIMAL,0.01
1191,"[10, 142]",4,4,OPTIMAL,0.02
1195,"[10, 146]",7,7,OPTIMAL,0.53
1199,"[10, 150]",6,6,OPTIMAL,0.09
1203,"[10, 154]",5,5,OPTIMAL,0.06
1207,"[10, 158]",6,6,OPTIMAL,0.11
1211,"[10, 162]",3,3,OPTIMAL,0.01
1215,"[10, 166]",5,5,OPTIMAL,0.06
1219,"[10, 171]",3,3,OPTIMAL,0.01
1223,"[10, 175]",2,2,OPTIMAL,0.01
1227,"[10, 179]",3,3,OPTIMAL,0.01
1231,"[10, 183]",4,4,OPTIMAL,0.02
1235,"[10, 187]",2,2,OPTIMAL,0.01
1239,"[10, 191]",3,3,OPTIMAL,0.01
1243,"[10, 195]",4,4,OPTIMAL,0.02
1247,"[10, 199]",4,4,OPTIMAL,0.02
1251,"[10, 203]",5,5,OPTIMAL,0.06
1255,"[10, 208]",3,3,OPTIMAL,0.01
1259,"[10, 212]",4,4,OPTIMAL,0.02
1263,"[10, 216]",4,4,OPTIMAL,0.02
1267,"[10, 220]",3,3,OPTIMAL,0.01
1271,"[10, 224]",3,3,OPTIMAL,0.01
1275,"[10, 228]",3,3,OPTIMAL,0.01
1279,"[10, 232]",5,5,OPTIMAL,0.06
1283,"[10, 236]",3,3,OPTIMAL,0.01
1287,"[10, 241]",3,3,OPTIMAL,0.01
1291,"[10, 245]",1,1,OPTIMAL,0.01
1295,"[10, 249]",5,5,OPTIMAL,0.06
1299,"[10, 253]",2,2,OPTIMAL,0.01
1303,"[11, 14]",4,4,OPTIMAL,0.02
1307,"[11, 18]",6,6,OPTIMAL,0.09
1311,"[11, 23]",6,6,OPTIMAL,0.09
1315,"[11, 27]",4,4,OPTIMAL,0.02
1319,"[11, 31]",4,4,OPTIMAL,0.02
1323,"[11, 35]",4,4,OPTIMAL,0.02
1327,"[11, 39]",5,5,OPTIMAL,0.06
1331,"[11, 43]",4,4,OPTIMAL,0.02
1335,"[11, 47]",4,4,OPTIMAL,0.03
1339,"[11, 51]",2,2,OPTIMAL,0.01
1343,"[11, 55]",4,4,OPTIMAL,0.02
1347,"[11, 59]",3,3,OPTIMAL,0.01
1351,"[11, 63]",3,3,OPTIMAL,0.01
1355,"[11, 67]",5,5,OPTIMAL,0.05
1359,"[11, 71]",4,4,OPTIMAL,0.02
1363,"[11, 76]",4,4,OPTIMAL,0.02
1367,"[11, 80]",3,3,OPTIMAL,0.02
1371,"[11, 84]",3,3,OPTIMAL,0.02
1375,"[11, 88]",5,5,OPTIMAL,0.06
1379,"[11, 92]",5,5,OPTIMAL,0.06
1383,"[11, 96]",5,5,OPTIMAL,0.06
1387,"[11, 100]",5,5,OPTIMAL,0.06
1391,"[11, 104]",7,7,OPTIMAL,0.42
1395,"[11, 108]",6,6,OPTIMAL,0.09
1399,"[11, 112]",4,4,OPTIMAL,0.03
1403,"[11, 116]",4,4,OPTIMAL,0.02
1407,"[11, 120]",6,6,OPTIMAL,0.09
1411,"[11, 125]",6,6,OPTIMAL,0.10
1415,"[11, 129]",6,6,OPTIMAL,0.11
1419,"[11, 133]",6,6,OPTIMAL,0.11
1423,"[11, 138]",4,4,OPTIMAL,0.03
1427,"[11, 142]",6,6,OPTIMAL,0.10
1431,"[11, 146]",7,7,OPTIMAL,0.45
1435,"[11, 150]",7,7,OPTIMAL,0.43
1439,"[11, 154]",6,6,OPTIMAL,0.10
1443,"[11, 158]",7,7,OPTIMAL,0.45
1447,"[11, 162]",4,4,OPTIMAL,0.01
1451,"[11, 166]",5,5,OPTIMAL,0.06
1455,"[11, 171]",3,3,OPTIMAL,0.01
1459,"[11, 175]",3,3,OPTIMAL,0.01
1463,"[11, 179]",4,4,OPTIMAL,0.01
1467,"[11, 184]",4,4,OPTIMAL,0.02
1471,"[11, 188]",5,5,OPTIMAL,0.06
1475,"[11, 192]",3,3,OPTIMAL,0.01
1479,"[11, 196]",3,3,OPTIMAL,0.01
1483,"[11, 200]",4,4,OPTIMAL,0.02
1487,"[11, 205]",4,4,OPTIMAL,0.01
1491,"[11, 209]",5,5,OPTIMAL,0.06
1495,"[11, 213]",4,4,OPTIMAL,0.02
1499,"[11, 217]",5,5,OPTIMAL,0.05
1503,"[11, 221]",3,3,OPTIMAL,0.01
1507,"[11, 225]",6,6,OPTIMAL,0.10
1511,"[11, 229]",6,6,OPTIMAL,0.09
1515,"[11, 234]",4,4,OPTIMAL,0.02
1519,"[11, 238]",3,3,OPTIMAL,0.01
1523,"[11, 243]",3,3,OPTIMAL,0.02
1527,"[11, 247]",3,3,OPTIMAL,0.01
1531,"[11, 251]",3,3,OPTIMAL,0.02
1535,"[14, 15]",2,2,OPTIMAL,0.01
1539,"[14, 19]",4,4,OPTIMAL,0.03
1543,"[14, 25]",5,5,OPTIMAL,0.06
1547,"[14, 31]",3,3,OPTIMAL,0.03
1551,"[14, 35]",4,4,OPTIMAL,920.88
1555,"[14, 39]",5,5,OPTIMAL,0.17
1559,"[14, 44]",6,6,OPTIMAL,0.10
1563,"[14, 48]",3,3,OPTIMAL,0.02
1567,"[14, 52]",5,5,OPTIMAL,0.06
1571,"[14, 56]",6,6,OPTIMAL,0.11
1575,"[14, 60]",5,5,OPTIMAL,0.18
1579,"[14, 96]",5,5,OPTIMAL,0.10
1583,"[14, 102]",4,4,OPTIMAL,0.03
1587,"[14, 106]",6,6,OPTIMAL,0.13
1591,"[14, 112]",4,4,OPTIMAL,0.03
1595,"[14, 118]",5,5,OPTIMAL,0.07
1599,"[14, 122]",6,6,OPTIMAL,0.11
1603,"[14, 128]",4,4,OPTIMAL,0.03
1607,"[14, 134]",6,6,OPTIMAL,0.11
1611,"[14, 138]",4,4,OPTIMAL,0.02
1615,"[14, 144]",5,5,OPTIMAL,0.08
1619,"[14, 150]",7,7,OPTIMAL,0.41
1623,"[14, 154]",6,6,OPTIMAL,0.10
1627,"[14, 160]",3,3,OPTIMAL,0.03
1631,"[14, 164]",5,5,OPTIMAL,0.06
1635,"[14, 168]",4,4,OPTIMAL,0.03
1639,"[14, 173]",5,5,OPTIMAL,0.07
1643,"[14, 177]",4,4,OPTIMAL,0.04
1647,"[14, 181]",6,6,OPTIMAL,0.12
1651,"[14, 186]",4,4,OPTIMAL,0.02
1655,"[14, 190]",5,5,OPTIMAL,0.08
1659,"[14, 226]",4,4,OPTIMAL,0.02
1663,"[14, 232]",5,5,OPTIMAL,0.07
1667,"[14, 238]",2,2,OPTIMAL,0.02
1671,"[14, 243]",3,3,OPTIMAL,0.02
1675,"[14, 249]",4,4,OPTIMAL,0.02
1679,"[15, 16]",2,2,OPTIMAL,0.02
1683,"[15, 22]",6,6,OPTIMAL,0.12
1687,"[15, 26]",5,4,SUBOPTIMAL,0.10
1691,"[15, 32]",2,2,OPTIMAL,0.01
1695,"[15, 36]",6,5,SUBOPTIMAL,0.17
1699,"[15, 40]",4,4,OPTIMAL,0.03
1703,"[15, 44]",5,4,SUBOPTIMAL,0.08
1707,"[15, 48]",1,1,OPTIMAL,0.01
1711,"[15, 52]",5,4,SUBOPTIMAL,0.10
1715,"[15, 56]",5,4,SUBOPTIMAL,0.10
1719,"[15, 60]",3,3,OPTIMAL,0.02
1723,"[15, 96]",4,4,OPTIMAL,0.05
1727,"[15, 102]",3,3,OPTIMAL,0.02
1731,"[15, 106]",4,4,OPTIMAL,0.04
1735,"[15, 112]",2,2,OPTIMAL,0.03
1739,"[15, 118]",5,4,SUBOPTIMAL,0.14
1743,"[15, 122]",5,4,SUBOPTIMAL,0.10
1747,"[15, 128]",2,2,OPTIMAL,0.01
1751,"[15, 134]",6,6,OPTIMAL,0.14
1755,"[15, 138]",2,2,OPTIMAL,0.02
1759,"[15, 144]",4,4,OPTIMAL,0.04
1763,"[15, 150]",6,6,OPTIMAL,0.13
1767,"[15, 154]",4,4,OPTIMAL,0.02
1771,"[15, 160]",1,1,OPTIMAL,0.01
1775,"[15, 164]",5,4,SUBOPTIMAL,0.11
1779,"[15, 168]",2,2,OPTIMAL,0.01
1783,"[15, 173]",5,4,SUBOPTIMAL,0.09
1787,"[15, 177]",3,3,OPTIMAL,0.01
1791,"[15, 181]",5,4,SUBOPTIMAL,0.09
1795,"[15, 185]",5,4,SUBOPTIMAL,0.09
1799,"[15, 189]",6,5,SUBOPTIMAL,0.16
1803,"[15, 225]",4,4,OPTIMAL,0.03
1807,"[15, 231]",6,5,SUBOPTIMAL,0.16
1811,"[15, 235]",4,4,OPTIMAL,0.03
1815,"[15, 242]",2,2,OPTIMAL,0.02
1819,"[15, 248]",2,2,OPTIMAL,0.02
1823,"[15, 254]",2,2,OPTIMAL,0.01
1827,"[22, 30]",6,6,OPTIMAL,0.09
1831,"[22, 42]",7,7,OPTIMAL,1061.50
1835,"[22, 62]",6,6,OPTIMAL,0.17
1839,"[22, 111]",7,7,OPTIMAL,0.46
1843,"[22, 129]",8,8,OPTIMAL,2.85
1847,"[22, 137]",6,6,OPTIMAL,0.10
1851,"[22, 153]",6,6,OPTIMAL,0.10
1855,"[22, 168]",6,6,OPTIMAL,0.11
1859,"[22, 175]",7,7,OPTIMAL,1070.82
1863,"[22, 232]",6,6,OPTIMAL,0.25
1867,"[22, 238]",6,6,OPTIMAL,0.39
1871,"[23, 26]",6,6,OPTIMAL,0.38
1875,"[23, 40]",5,5,OPTIMAL,0.12
1879,"[23, 45]",7,7,OPTIMAL,0.74
1883,"[23, 63]",4,4,OPTIMAL,0.03
1887,"[23, 111]",6,6,OPTIMAL,0.13
1891,"[23, 129]",7,7,OPTIMAL,0.50
1895,"[23, 138]",6,6,OPTIMAL,0.20
1899,"[23, 150]",7,7,OPTIMAL,0.65
1903,"[23, 155]",6,6,OPTIMAL,0.14
1907,"[23, 171]",5,5,OPTIMAL,0.09
1911,"[23, 175]",5,5,OPTIMAL,0.07
1915,"[23, 232]",4,4,OPTIMAL,0.03
1919,"[23, 238]",4,4,OPTIMAL,0.03
1923,"[24, 26]",6,6,OPTIMAL,0.11
1927,"[24, 32]",6,6,OPTIMAL,0.13
1931,"[24, 36]",7,7,OPTIMAL,0.40
1935,"[24, 40]",7,7,OPTIMAL,0.69
1939,"[24, 45]",8,8,OPTIMAL,298.48
1943,"[24, 49]",6,6,OPTIMAL,0.13
1947,"[24, 53]",7,7,OPTIMAL,0.49
1951,"[24, 57]",7,7,OPTIMAL,0.38
1955,"[24, 61]",7,7,OPTIMAL,0.48
1959,"[24, 97]",8,8,OPTIMAL,2.72
1963,"[24, 103]",6,6,OPTIMAL,0.10
1967,"[24, 111]",7,7,OPTIMAL,0.63
1971,"[24, 115]",6,6,OPTIMAL,0.19
1975,"[24, 121]",8,8,OPTIMAL,3.18
1979,"[24, 127]",6,6,OPTIMAL,0.18
1983,"[24, 131]",7,7,OPTIMAL,0.36
1987,"[24, 137]",7,7,OPTIMAL,0.40
1991,"[24, 143]",6,6,OPTIMAL,0.12
1995,"[24, 150]",9,9,OPTIMAL,21.44
1999,"[24, 155]",7,7,OPTIMAL,0.34
2003,"[24, 161]",7,7,OPTIMAL,0.42
2007,"[24, 165]",6,6,OPTIMAL,0.12
2011,"[24, 169]",8,8,OPTIMAL,3.96
2015,"[24, 174]",6,6,OPTIMAL,0.11
2019,"[24, 178]",6,6,OPTIMAL,0.11
2023,"[24, 183]",7,7,OPTIMAL,0.45
2027,"[24, 187]",5,5,OPTIMAL,0.07
2031,"[24, 191]",6,6,OPTIMAL,0.13
2035,"[24, 227]",6,6,OPTIMAL,0.12
2039,"[24, 234]",6,6,OPTIMAL,0.10
2043,"[24, 241]",6,6,OPTIMAL,0.10
2047,"[24, 247]",5,5,OPTIMAL,0.07
2051,"[24, 251]",6,6,OPTIMAL,0.16
2055,"[25, 30]",7,7,OPTIMAL,0.56
2059,"[25, 34]",4,4,OPTIMAL,0.07
2063,"[25, 38]",6,6,OPTIMAL,0.15
2067,"[25, 43]",6,6,OPTIMAL,0.14
2071,"[25, 47]",5,5,OPTIMAL,0.08
2075,"[25, 51]",5,4,SUBOPTIMAL,0.16
2079,"[25, 55]",5,5,OPTIMAL,0.12
2083,"[25, 60]",6,6,OPTIMAL,0.15
2087,"[25, 96]",6,6,OPTIMAL,0.14
2091,"[25, 103]",6,6,OPTIMAL,0.13
2095,"[25, 111]",6,6,OPTIMAL,0.11
2099,"[25, 118]",6,6,OPTIMAL,0.12
2103,"[25, 122]",7,7,OPTIMAL,0.45
2107,"[25, 128]",5,5,OPTIMAL,0.10
2111,"[25, 134]",6,6,OPTIMAL,0.11
2115,"[25, 138]",6,6,OPTIMAL,0.10
2119,"[25, 145]",6,6,OPTIMAL,0.12
2123,"[25, 153]",5,5,OPTIMAL,0.05
2127,"[25, 160]",5,5,OPTIMAL,0.08
2131,"[25, 164]",7,7,OPTIMAL,0.37
2135,"[25, 169]",7,7,OPTIMAL,0.37
2139,"[25, 174]",5,5,OPTIMAL,0.06
2143,"[25, 178]",6,6,OPTIMAL,0.10
2147,"[25, 182]",7,7,OPTIMAL,0.36
2151,"[25, 187]",4,4,OPTIMAL,0.02
2155,"[25, 191]",5,5,OPTIMAL,0.06
2159,"[25, 227]",6,6,OPTIMAL,0.09
2163,"[25, 234]",6,6,OPTIMAL,0.11
2167,"[25, 241]",5,5,OPTIMAL,241.45
2171,"[25, 247]",4,4,OPTIMAL,0.03
2175,"[25, 251]",5,5,OPTIMAL,0.06
2179,"[26, 30]",6,6,OPTIMAL,0.10
2183,"[26, 34]",5,5,OPTIMAL,0.06
2187,"[26, 38]",6,6,OPTIMAL,0.11
2191,"[26, 44]",7,7,OPTIMAL,0.23
2195,"[26, 48]",4,4,OPTIMAL,0.03
2199,"[26, 52]",7,7,OPTIMAL,0.42
2203,"[26, 56]",6,6,OPTIMAL,0.08
2207,"[26, 60]",6,6,OPTIMAL,0.08
2211,"[26, 64]",5,5,OPTIMAL,0.06
2215,"[26, 68]",5,5,OPTIMAL,0.06
2219,"[26, 72]",6,6,OPTIMAL,0.09
2223,"[26, 78]",6,6,OPTIMAL,0.08
2227,"[26, 82]",6,6,OPTIMAL,0.08
2231,"[26, 86]",7,7,OPTIMAL,0.42
2235,"[26, 90]",5,5,OPTIMAL,0.04
2239,"[26, 95]",4,4,OPTIMAL,0.01
2243,"[26, 99]",6,6,OPTIMAL,0.09
2247,"[26, 105]",7,7,OPTIMAL,0.34
2251,"[26, 110]",7,7,OPTIMAL,0.33
2255,"[26, 115]",5,5,OPTIMAL,0.06
2259,"[26, 119]",5,5,OPTIMAL,0.06
2263,"[26, 124]",6,6,OPTIMAL,0.08
2267,"[26, 128]",5,5,OPTIMAL,0.06
2271,"[26, 132]",6,6,OPTIMAL,0.09
2275,"[26, 137]",7,7,OPTIMAL,0.38
2279,"[26, 141]",6,6,OPTIMAL,0.09
2283,"[26, 146]",7,7,OPTIMAL,0.37
2287,"[26, 153]",6,6,OPTIMAL,0.09
2291,"[26, 157]",7,7,OPTIMAL,0.32
2295,"[26, 161]",6,6,OPTIMAL,0.10
2299,"[26, 166]",8,8,OPTIMAL,3.24
2303,"[26, 171]",5,5,OPTIMAL,0.06
2307,"[26, 175]",4,4,OPTIMAL,0.02
2311,"[26, 180]",7,7,OPTIMAL,0.37
2315,"[26, 185]",7,7,OPTIMAL,0.44
2319,"[26, 189]",7,7,OPTIMAL,0.34
2323,"[26, 193]",7,7,OPTIMAL,0.40
2327,"[26, 197]",5,5,OPTIMAL,0.07
2331,"[26, 201]",7,7,OPTIMAL,0.41
2335,"[26, 206]",5,5,OPTIMAL,0.06
2339,"[26, 210]",7,7,OPTIMAL,0.35
2343,"[26, 215]",7,7,OPTIMAL,0.42
2347,"[26, 220]",5,5,OPTIMAL,0.06
2351,"[26, 224]",4,4,OPTIMAL,0.02
2355,"[26, 229]",4,4,OPTIMAL,0.05
2359,"[26, 233]",7,7,OPTIMAL,0.35
2363,"[26, 237]",5,5,OPTIMAL,0.06
2367,"[26, 242]",6,6,OPTIMAL,0.11
2371,"[26, 246]",7,7,OPTIMAL,0.62
2375,"[26, 250]",4,4,OPTIMAL,0.03
2379,"[26, 254]",5,5,OPTIMAL,0.06
2383,"[27, 32]",4,4,OPTIMAL,0.02
2387,"[27, 36]",5,5,OPTIMAL,0.06
2391,"[27, 43]",6,6,OPTIMAL,0.09
2395,"[27, 48]",4,4,OPTIMAL,0.02
2399,"[27, 52]",6,6,OPTIMAL,0.10
2403,"[27, 57]",6,6,OPTIMAL,0.09
2407,"[27, 62]",6,6,OPTIMAL,0.09
2411,"[27, 66]",7,7,OPTIMAL,0.36
2415,"[27, 70]",6,6,OPTIMAL,0.08
2419,"[27, 76]",4,4,OPTIMAL,0.02
2423,"[27, 80]",4,4,OPTIMAL,0.02
2427,"[27, 85]",3,3,OPTIMAL,0.01
2431,"[27, 90]",5,5,OPTIMAL,0.04
2435,"[27, 95]",3,3,OPTIMAL,0.02
2439,"[27, 100]",5,5,OPTIMAL,0.25
2443,"[27, 106]",7,7,OPTIMAL,0.85
2447,"[27, 112]",5,5,OPTIMAL,0.06
2451,"[27, 117]",5,5,OPTIMAL,0.07
2455,"[27, 122]",6,6,OPTIMAL,0.12
2459,"[27, 126]",7,7,OPTIMAL,0.67
2463,"[27, 130]",7,7,OPTIMAL,0.55
2467,"[27, 135]",7,7,OPTIMAL,0.35
2471,"[27, 140]",5,5,OPTIMAL,0.07
2475,"[27, 144]",6,6,OPTIMAL,0.11
2479,"[27, 150]",8,8,OPTIMAL,4.08
2483,"[27, 156]",7,7,OPTIMAL,1.26
2487,"[27, 161]",6,6,OPTIMAL,0.10
2491,"[27, 166]",7,7,OPTIMAL,0.50
2495,"[27, 173]",6,6,OPTIMAL,0.10
2499,"[27, 177]",5,5,OPTIMAL,0.05
2503,"[27, 181]",6,6,OPTIMAL,0.09
2507,"[27, 187]",3,3,OPTIMAL,0.02
2511,"[27, 191]",4,4,OPTIMAL,0.03
2515,"[27, 195]",6,6,OPTIMAL,0.10
2519,"[27, 200]",5,5,OPTIMAL,0.06
2523,"[27, 206]",4,4,OPTIMAL,0.03
2527,"[27, 211]",6,6,OPTIMAL,0.09
2531,"[27, 216]",6,6,OPTIMAL,0.15
2535,"[27, 222]",6,6,OPTIMAL,0.17
2539,"[27, 227]",6,6,OPTIMAL,0.20
2543,"[27, 231]",5,5,OPTIMAL,0.07
2547,"[27, 236]",4,4,OPTIMAL,0.04
2551,"[27, 241]",4,4,OPTIMAL,0.45
2555,"[27, 245]",3,3,OPTIMAL,0.29
2559,"[27, 249]",6,6,OPTIMAL,0.50
2563,"[27, 253]",4,4,OPTIMAL,0.03
2567,"[30, 33]",5,5,OPTIMAL,0.07
2571,"[30, 37]",7,7,OPTIMAL,0.41
2575,"[30, 41]",8,8,OPTIMAL,2.96
2579,"[30, 45]",7,7,OPTIMAL,0.42
2583,"[30, 49]",5,5,OPTIMAL,0.06
2587,"[30, 53]",7,7,OPTIMAL,0.39
2591,"[30, 57]",8,8,OPTIMAL,5.49
2595,"[30, 61]",7,7,OPTIMAL,0.47
2599,"[30, 97]",6,6,OPTIMAL,0.77
2603,"[30, 103]",6,6,OPTIMAL,0.13
2607,"[30, 107]",8,8,OPTIMAL,2.94
2611,"[30, 113]",6,6,OPTIMAL,0.09
2615,"[30, 119]",5,5,OPTIMAL,0.06
2619,"[30, 123]",7,7,OPTIMAL,0.41
2623,"[30, 129]",7,7,OPTIMAL,0.42
2627,"[30, 135]",8,8,OPTIMAL,2.74
2631,"[30, 139]",7,7,OPTIMAL,0.33
2635,"[30, 145]",7,7,OPTIMAL,0.34
2639,"[30, 151]",8,8,OPTIMAL,2.00
2643,"[30, 155]",7,7,OPTIMAL,0.29
2647,"[30, 161]",6,6,OPTIMAL,0.08
2651,"[30, 165]",6,6,OPTIMAL,0.13
2655,"[30, 169]",7,7,OPTIMAL,0.38
2659,"[30, 174]",5,5,OPTIMAL,0.06
2663,"[30, 178]",7,7,OPTIMAL,0.38
2667,"[30, 182]",8,8,OPTIMAL,600.32
2671,"[30, 186]",5,5,OPTIMAL,0.03
2675,"[30, 190]",5,5,OPTIMAL,0.04
2679,"[30, 226]",6,6,OPTIMAL,0.05
2683,"[30, 232]",6,6,OPTIMAL,0.04
2687,"[30, 238]",4,4,OPTIMAL,0.01
2691,"[30, 243]",5,5,OPTIMAL,0.03
2695,"[30, 249]",6,6,OPTIMAL,0.04
2699,"[31, 32]",3,3,OPTIMAL,0.00
2703,"[31, 36]",6,6,OPTIMAL,0.04
2707,"[31, 40]",6,6,OPTIMAL,0.04
2711,"[31, 44]",5,5,OPTIMAL,0.02
2715,"[31, 48]",3,3,OPTIMAL,0.00
2719,"[31, 52]",6,6,OPTIMAL,0.04
2723,"[31, 56]",6,6,OPTIMAL,0.04
2727,"[31, 60]",5,5,OPTIMAL,0.02
2731,"[31, 96]",4,4,OPTIMAL,0.01
2735,"[31, 102]",4,4,OPTIMAL,0.01
2739,"[31, 106]",5,5,OPTIMAL,0.02
2743,"[31, 113]",5,5,OPTIMAL,0.02
2747,"[31, 119]",3,3,OPTIMAL,0.00
2751,"[31, 123]",6,6,OPTIMAL,0.04
2755,"[31, 129]",6,6,OPTIMAL,0.04
2759,"[31, 135]",6,6,OPTIMAL,0.04
2763,"[31, 139]",5,5,OPTIMAL,0.02
2767,"[31, 145]",5,5,OPTIMAL,0.02
2771,"[31, 152]",5,5,OPTIMAL,0.02
2775,"[31, 158]",6,6,OPTIMAL,0.04
2779,"[31, 162]",4,4,OPTIMAL,0.01
2783,"[31, 166]",6,6,OPTIMAL,0.04
2787,"[31, 171]",4,4,OPTIMAL,0.01
2791,"[31, 175]",3,3,OPTIMAL,0.01
2795,"[31, 179]",4,4,OPTIMAL,0.01
2799,"[31, 183]",6,6,OPTIMAL,0.04
2803,"[31, 187]",3,3,OPTIMAL,0.00
2807,"[31, 191]",3,3,OPTIMAL,0.00
2811,"[31, 227]",4,4,OPTIMAL,0.01
2815,"[31, 233]",6,6,OPTIMAL,0.04
2819,"[31, 239]",3,3,OPTIMAL,0.00
2823,"[31, 246]",5,5,OPTIMAL,0.02
2827,"[31, 250]",3,3,OPTIMAL,0.00
2831,"[40, 42]",4,4,OPTIMAL,0.01
2835,"[40, 46]",6,6,OPTIMAL,0.03
2839,"[40, 62]",6,6,OPTIMAL,0.03
2843,"[40, 66]",6,6,OPTIMAL,0.03
2847,"[40, 70]",6,6,OPTIMAL,0.04
2851,"[40, 74]",7,7,OPTIMAL,0.14
2855,"[40, 78]",7,7,OPTIMAL,0.23
2859,"[40, 86]",6,6,OPTIMAL,0.05
2863,"[40, 90]",7,7,OPTIMAL,0.17
2867,"[40, 94]",7,7,OPTIMAL,0.16
2871,"[40, 106]",6,6,OPTIMAL,0.03
2875,"[40, 110]",6,6,OPTIMAL,0.03
2879,"[40, 126]",6,6,OPTIMAL,0.04
2883,"[40, 130]",5,5,OPTIMAL,0.02
2887,"[40, 134]",6,6,OPTIMAL,0.04
2891,"[40, 138]",5,5,OPTIMAL,0.02
2895,"[40, 142]",6,6,OPTIMAL,0.04
2899,"[40, 150]",6,6,OPTIMAL,0.03
2903,"[40, 154]",7,7,OPTIMAL,0.17
2907,"[40, 158]",7,7,OPTIMAL,0.14
2911,"[40, 171]",5,5,OPTIMAL,0.02
2915,"[40, 175]",5,5,OPTIMAL,0.02
2919,"[40, 191]",5,5,OPTIMAL,0.03
2923,"[40, 195]",4,4,OPTIMAL,0.01
2927,"[40, 199]",5,5,OPTIMAL,0.02
2931,"[40, 203]",6,6,OPTIMAL,0.03
2935,"[40, 212]",5,5,OPTIMAL,0.02
2939,"[40, 216]",6,6,OPTIMAL,0.04
2943,"[40, 220]",6,6,OPTIMAL,0.04
2947,"[40, 232]",5,5,OPTIMAL,0.02
2951,"[40, 236]",5,5,OPTIMAL,0.02
2955,"[40, 252]",4,4,OPTIMAL,0.01
2959,"[41, 43]",6,6,OPTIMAL,0.03
2963,"[41, 60]",6,6,OPTIMAL,0.03
2967,"[41, 65]",7,7,OPTIMAL,0.18
2971,"[41, 70]",6,6,OPTIMAL,0.03
2975,"[41, 79]",7,7,OPTIMAL,0.21
2979,"[41, 87]",6,6,OPTIMAL,0.04
2983,"[41, 95]",7,7,OPTIMAL,0.33
2987,"[41, 109]",7,7,OPTIMAL,0.20
2991,"[41, 127]",7,7,OPTIMAL,0.19
2995,"[41, 132]",7,7,OPTIMAL,0.16
2999,"[41, 137]",7,7,OPTIMAL,0.13
3003,"[41, 150]",7,7,OPTIMAL,0.13
3007,"[41, 159]",7,7,OPTIMAL,0.17
3011,"[41, 173]",6,6,OPTIMAL,0.03
3015,"[41, 190]",7,7,OPTIMAL,0.16
3019,"[41, 195]",6,6,OPTIMAL,0.03
3023,"[41, 200]",7,7,OPTIMAL,0.20
3027,"[41, 213]",6,6,OPTIMAL,0.04
3031,"[41, 218]",7,7,OPTIMAL,0.14
3035,"[41, 223]",6,6,OPTIMAL,0.05
3039,"[41, 237]",6,6,OPTIMAL,0.04
3043,"[41, 253]",6,6,OPTIMAL,0.04
3047,"[42, 45]",5,5,OPTIMAL,0.02
3051,"[42, 61]",5,5,OPTIMAL,0.02
3055,"[42, 65]",5,5,OPTIMAL,0.02
3059,"[42, 69]",4,4,OPTIMAL,0.01
3063,"[42, 73]",7,7,OPTIMAL,0.19
3067,"[42, 77]",6,6,OPTIMAL,0.04
3071,"[42, 85]",2,2,OPTIMAL,0.00
3075,"[42, 89]",6,6,OPTIMAL,0.04
3079,"[42, 93]",4,4,OPTIMAL,0.01
3083,"[42, 105]",7,7,OPTIMAL,0.16
3087,"[42, 110]",4,4,OPTIMAL,0.01
3091,"[42, 126]",5,5,OPTIMAL,0.02
3095,"[42, 130]",5,5,OPTIMAL,0.02
3099,"[42, 135]",5,5,OPTIMAL,0.02
3103,"[42, 139]",5,5,OPTIMAL,0.02
3107,"[42, 143]",4,4,OPTIMAL,0.01
3111,"[42, 151]",6,6,OPTIMAL,0.04
3115,"[42, 155]",5,5,OPTIMAL,0.02
3119,"[42, 159]",5,5,OPTIMAL,0.02
3123,"[42, 172]",5,5,OPTIMAL,0.02
3127,"[42, 188]",5,5,OPTIMAL,0.02
3131,"[42, 192]",2,2,OPTIMAL,0.00
3135,"[42, 196]",3,3,OPTIMAL,0.00
3139,"[42, 200]",4,4,OPTIMAL,0.01
3143,"[42, 205]",4,4,OPTIMAL,0.01
3147,"[42, 213]",2,2,OPTIMAL,0.00
3151,"[42, 217]",6,6,OPTIMAL,0.04
3155,"[42, 221]",3,3,OPTIMAL,0.00
3159,"[42, 233]",7,7,OPTIMAL,0.16
3163,"[42, 237]",6,6,OPTIMAL,0.04
3167,"[42, 253]",4,4,OPTIMAL,0.01
3171,"[43, 47]",4,4,OPTIMAL,0.01
3175,"[43, 65]",6,6,OPTIMAL,0.04
3179,"[43, 71]",6,6,OPTIMAL,0.03
3183,"[43, 77]",6,6,OPTIMAL,0.03
3187,"[43, 85]",5,4,SUBOPTIMAL,0.03
3191,"[43, 90]",5,5,OPTIMAL,0.01
3195,"[43, 95]",5,5,OPTIMAL,0.02
3199,"[43, 108]",7,7,OPTIMAL,0.13
3203,"[43, 127]",5,5,OPTIMAL,0.02
3207,"[43, 132]",5,5,OPTIMAL,0.02
3211,"[43, 139]",6,6,OPTIMAL,0.04
3215,"[43, 143]",6,6,OPTIMAL,0.04
3219,"[43, 152]",6,6,OPTIMAL,0.03
3223,"[43, 159]",6,6,OPTIMAL,0.04
3227,"[43, 172]",6,6,OPTIMAL,0.04
3231,"[43, 190]",6,6,OPTIMAL,0.08
3235,"[43, 196]",4,4,OPTIMAL,0.09
3239,"[43, 201]",7,7,OPTIMAL,0.24
3243,"[43, 207]",5,5,OPTIMAL,0.03
3247,"[43, 215]",5,5,OPTIMAL,0.02
3251,"[43, 220]",4,4,OPTIMAL,0.01
3255,"[43, 232]",6,6,OPTIMAL,0.03
3259,"[43, 237]",6,6,OPTIMAL,0.04
3263,"[43, 253]",5,5,OPTIMAL,0.02
3267,"[44, 47]",4,4,OPTIMAL,0.01
3271,"[44, 51]",5,4,SUBOPTIMAL,0.03
3275,"[44, 56]",6,6,OPTIMAL,0.03
3279,"[44, 60]",5,5,OPTIMAL,0.02
3283,"[44, 64]",5,5,OPTIMAL,0.02
3287,"[44, 68]",5,5,OPTIMAL,0.02
3291,"[44, 72]",7,7,OPTIMAL,0.20
3295,"[44, 78]",6,6,OPTIMAL,0.03
3299,"[44, 82]",7,7,OPTIMAL,0.15
3303,"[44, 86]",7,7,OPTIMAL,0.15
3307,"[44, 90]",6,6,OPTIMAL,0.03
3311,"[44, 94]",7,7,OPTIMAL,0.14
3315,"[44, 99]",7,7,OPTIMAL,0.15
3319,"[44, 104]",7,7,OPTIMAL,0.18
3323,"[44, 109]",6,6,OPTIMAL,0.04
3327,"[44, 114]",6,6,OPTIMAL,0.03
3331,"[44, 119]",5,5,OPTIMAL,0.02
3335,"[44, 123]",7,7,OPTIMAL,0.16
3339,"[44, 127]",5,5,OPTIMAL,0.02
3343,"[44, 131]",6,6,OPTIMAL,0.03
3347,"[44, 135]",7,7,OPTIMAL,0.14
3351,"[44, 140]",6,6,OPTIMAL,0.04
3355,"[44, 145]",7,7,OPTIMAL,0.16
3359,"[44, 150]",7,7,OPTIMAL,0.12
3363,"[44, 154]",6,6,OPTIMAL,0.03
3367,"[44, 160]",4,4,OPTIMAL,0.01
3371,"[44, 164]",6,6,OPTIMAL,0.03
3375,"[44, 168]",5,5,OPTIMAL,0.02
3379,"[44, 173]",7,7,OPTIMAL,0.16
3383,"[44, 177]",6,6,OPTIMAL,0.03
3387,"[44, 183]",7,7,OPTIMAL,0.16
3391,"[44, 187]",5,5,OPTIMAL,0.02
3395,"[44, 191]",5,5,OPTIMAL,0.02
3399,"[44, 195]",5,5,OPTIMAL,0.02
3403,"[44, 199]",6,6,OPTIMAL,0.03
3407,"[44, 205]",6,6,OPTIMAL,0.04
3411,"[44, 209]",5,5,OPTIMAL,0.02
3415,"[44, 214]",7,7,OPTIMAL,0.14
3419,"[44, 219]",6,6,OPTIMAL,0.03
3423,"[44, 223]",4,4,OPTIMAL,0.01
3427,"[44, 227]",6,6,OPTIMAL,0.03
3431,"[44, 231]",7,7,OPTIMAL,0.16
3435,"[44, 236]",4,4,OPTIMAL,0.01
3439,"[44, 241]",6,6,OPTIMAL,0.04
3443,"[44, 245]",5,5,OPTIMAL,0.02
3447,"[44, 249]",7,7,OPTIMAL,0.20
3451,"[44, 253]",5,5,OPTIMAL,0.02
3455,"[45, 48]",5,5,OPTIMAL,0.02
3459,"[45, 52]",8,8,OPTIMAL,1.32
3463,"[45, 56]",7,7,OPTIMAL,0.18
3467,"[45, 60]",6,6,OPTIMAL,0.03
3471,"[45, 64]",6,6,OPTIMAL,0.04
3475,"[45, 68]",5,5,OPTIMAL,0.02
3479,"[45, 72]",7,7,OPTIMAL,0.15
3483,"[45, 76]",6,6,OPTIMAL,0.04
3487,"[45, 80]",5,5,OPTIMAL,0.02
3491,"[45, 84]",6,6,OPTIMAL,0.04
3495,"[45, 88]",7,7,OPTIMAL,0.14
3499,"[45, 92]",7,7,OPTIMAL,0.17
3503,"[45, 96]",7,7,OPTIMAL,0.18
3507,"[45, 100]",6,6,OPTIMAL,0.03
3511,"[45, 104]",8,8,OPTIMAL,1.03
3515,"[45, 108]",7,7,OPTIMAL,0.14
3519,"[45, 112]",6,6,OPTIMAL,0.04
3523,"[45, 116]",7,7,OPTIMAL,0.20
3527,"[45, 120]",7,7,OPTIMAL,0.17
3531,"[45, 124]",7,7,OPTIMAL,0.17
3535,"[45, 128]",5,5,OPTIMAL,0.03
3539,"[45, 132]",7,7,OPTIMAL,0.14
3543,"[45, 136]",5,5,OPTIMAL,0.02
3547,"[45, 140]",6,6,OPTIMAL,0.04
3551,"[45, 144]",6,6,OPTIMAL,0.04
3555,"[45, 148]",8,8,OPTIMAL,1.39
3559,"[45, 152]",7,7,OPTIMAL,0.16
3563,"[45, 156]",8,8,OPTIMAL,1.31
3567,"[45, 160]",5,5,OPTIMAL,0.02
3571,"[45, 164]",8,8,OPTIMAL,1.42
3575,"[45, 168]",5,5,OPTIMAL,0.02
3579,"[45, 173]",6,6,OPTIMAL,0.03
3583,"[45, 177]",7,7,OPTIMAL,0.17
3587,"[45, 181]",8,8,OPTIMAL,1.08
3591,"[45, 185]",6,6,OPTIMAL,0.04
3595,"[45, 189]",7,7,OPTIMAL,0.17
3599,"[45, 193]",7,7,OPTIMAL,0.18
3603,"[45, 197]",7,7,OPTIMAL,0.23
3607,"[45, 201]",8,8,OPTIMAL,2.00
3611,"[45, 206]",5,5,OPTIMAL,0.02
3615,"[45, 210]",4,4,OPTIMAL,0.01
3619,"[45, 214]",6,6,OPTIMAL,0.04
3623,"[45, 218]",6,6,OPTIMAL,0.03
3627,"[45, 222]",5,5,OPTIMAL,0.03
3631,"[45, 226]",6,6,OPTIMAL,0.04
3635,"[45, 230]",7,7,OPTIMAL,0.20
3639,"[45, 234]",6,6,OPTIMAL,0.06
3643,"[45, 238]",5,5,OPTIMAL,0.03
3647,"[45, 243]",5,5,OPTIMAL,0.03
3651,"[45, 247]",5,5,OPTIMAL,0.03
3655,"[45, 251]",6,6,OPTIMAL,0.05
3659,"[46, 47]",4,4,OPTIMAL,0.01
3663,"[46, 51]",3,3,OPTIMAL,0.01
3667,"[46, 57]",7,7,OPTIMAL,0.22
3671,"[46, 61]",6,6,OPTIMAL,0.03
3675,"[46, 65]",6,6,OPTIMAL,0.04
3679,"[46, 69]",5,5,OPTIMAL,0.02
3683,"[46, 74]",6,6,OPTIMAL,0.03
3687,"[46, 78]",5,5,OPTIMAL,0.01
3691,"[46, 82]",6,6,OPTIMAL,0.03
3695,"[46, 87]",5,5,OPTIMAL,0.02
3699,"[46, 91]",6,6,OPTIMAL,0.03
3703,"[46, 96]",6,6,OPTIMAL,0.04
3707,"[46, 102]",5,5,OPTIMAL,0.01
3711,"[46, 108]",7,7,OPTIMAL,0.13
3715,"[46, 113]",6,6,OPTIMAL,0.04
3719,"[46, 119]",4,4,OPTIMAL,0.01
3723,"[46, 125]",6,6,OPTIMAL,0.04
3727,"[46, 129]",5,5,OPTIMAL,0.02
3731,"[46, 135]",7,7,OPTIMAL,0.15
3735,"[46, 140]",5,5,OPTIMAL,0.03
3739,"[46, 145]",5,5,OPTIMAL,0.02
3743,"[46, 152]",6,6,OPTIMAL,0.03
3747,"[46, 157]",6,6,OPTIMAL,0.03
3751,"[46, 162]",4,4,OPTIMAL,0.01
3755,"[46, 167]",6,6,OPTIMAL,0.04
3759,"[46, 173]",6,6,OPTIMAL,0.03
3763,"[46, 177]",5,5,OPTIMAL,0.02
3767,"[46, 181]",6,6,OPTIMAL,0.03
3771,"[46, 186]",5,5,OPTIMAL,0.02
3775,"[46, 190]",6,6,OPTIMAL,0.04
3779,"[46, 194]",6,6,OPTIMAL,0.03
3783,"[46, 198]",7,7,OPTIMAL,0.15
3787,"[46, 205]",5,5,OPTIMAL,0.02
3791,"[46, 209]",3,3,OPTIMAL,0.00
3795,"[46, 213]",4,4,OPTIMAL,0.01
3799,"[46, 219]",5,5,OPTIMAL,0.03
3803,"[46, 223]",4,4,OPTIMAL,0.01
3807,"[46, 227]",6,6,OPTIMAL,0.04
3811,"[46, 232]",6,6,OPTIMAL,0.04
3815,"[46, 237]",7,7,OPTIMAL,0.15
3819,"[46, 242]",4,4,OPTIMAL,0.01
3823,"[46, 246]",6,6,OPTIMAL,0.04
3827,"[46, 250]",4,4,OPTIMAL,0.01
3831,"[46, 254]",4,4,OPTIMAL,0.01
3835,"[47, 51]",2,2,OPTIMAL,0.00
3839,"[47, 55]",4,4,OPTIMAL,0.01
3843,"[47, 59]",4,4,OPTIMAL,0.01
3847,"[47, 63]",3,3,OPTIMAL,0.00
3851,"[47, 67]",6,6,OPTIMAL,0.04
3855,"[47, 71]",5,5,OPTIMAL,0.02
3859,"[47, 75]",6,6,OPTIMAL,0.04
3863,"[47, 79]",4,4,OPTIMAL,0.01
3867,"[47, 83]",5,5,OPTIMAL,0.03
3871,"[47, 87]",4,4,OPTIMAL,0.01
3875,"[47, 91]",6,6,OPTIMAL,0.04
3879,"[47, 95]",3,3,OPTIMAL,0.01
3883,"[47, 100]",5,5,OPTIMAL,0.03
3887,"[47, 105]",7,7,OPTIMAL,0.16
3891,"[47, 110]",5,5,OPTIMAL,0.02
3895,"[47, 114]",4,4,OPTIMAL,0.01
3899,"[47, 118]",5,5,OPTIMAL,0.02
3903,"[47, 122]",5,5,OPTIMAL,0.02
3907,"[47, 126]",6,6,OPTIMAL,0.04
3911,"[47, 130]",5,5,OPTIMAL,0.02
3915,"[47, 134]",7,7,OPTIMAL,0.20
3919,"[47, 138]",4,4,OPTIMAL,0.01
3923,"[47, 142]",6,6,OPTIMAL,0.04
3927,"[47, 147]",5,5,OPTIMAL,0.02
3931,"[47, 152]",5,5,OPTIMAL,0.02
3935,"[47, 156]",5,5,OPTIMAL,0.02
3939,"[47, 161]",6,6,OPTIMAL,0.04
3943,"[47, 165]",5,5,OPTIMAL,0.02
3947,"[47, 169]",6,6,OPTIMAL,0.04
3951,"[47, 174]",4,4,OPTIMAL,0.01
3955,"[47, 178]",5,5,OPTIMAL,0.03
3959,"[47, 182]",7,7,OPTIMAL,0.23
3963,"[47, 186]",4,4,OPTIMAL,0.01
3967,"[47, 190]",6,6,OPTIMAL,0.04
3971,"[47, 194]",5,5,OPTIMAL,0.02
3975,"[47, 198]",6,6,OPTIMAL,0.04
3979,"[47, 202]",5,5,OPTIMAL,0.02
3983,"[47, 207]",3,3,OPTIMAL,0.00
3987,"[47, 211]",4,4,OPTIMAL,0.01
3991,"[47, 215]",5,5,OPTIMAL,0.02
3995,"[47, 219]",5,5,OPTIMAL,0.02
3999,"[47, 223]",3,3,OPTIMAL,0.00
4003,"[47, 227]",5,5,OPTIMAL,0.02
4007,"[47, 231]",6,6,OPTIMAL,0.04
4011,"[47, 235]",6,6,OPTIMAL,0.04
4015,"[47, 239]",3,3,OPTIMAL,0.00
4019,"[47, 244]",4,4,OPTIMAL,0.01
4023,"[47, 248]",4,4,OPTIMAL,0.01
4027,"[47, 252]",3,3,OPTIMAL,0.00
4031,"[60, 62]",5,5,OPTIMAL,0.02
4035,"[60, 66]",6,6,OPTIMAL,0.03
4039,"[60, 70]",6,6,OPTIMAL,0.03
4043,"[60, 74]",6,6,OPTIMAL,0.03
4047,"[60, 78]",6,6,OPTIMAL,0.03
4051,"[60, 86]",6,6,OPTIMAL,0.03
4055,"[60, 90]",6,6,OPTIMAL,0.03
4059,"[60, 94]",6,6,OPTIMAL,0.03
4063,"[60, 106]",6,6,OPTIMAL,0.03
4067,"[60, 110]",6,6,OPTIMAL,0.03
4071,"[60, 126]",6,6,OPTIMAL,0.04
4075,"[60, 130]",4,4,OPTIMAL,0.01
4079,"[60, 134]",6,6,OPTIMAL,0.04
4083,"[60, 138]",4,4,OPTIMAL,0.01
4087,"[60, 142]",5,5,OPTIMAL,0.02
4091,"[60, 150]",6,6,OPTIMAL,0.03
4095,"[60, 154]",6,6,OPTIMAL,0.03
4099,"[60, 158]",6,6,OPTIMAL,0.04
4103,"[60, 171]",4,4,OPTIMAL,0.01
4107,"[60, 175]",4,4,OPTIMAL,0.01
4111,"[60, 191]",4,4,OPTIMAL,0.01
4115,"[60, 195]",3,3,OPTIMAL,0.00
4119,"[60, 199]",5,5,OPTIMAL,0.02
4123,"[60, 203]",5,5,OPTIMAL,0.02
4127,"[60, 212]",5,5,OPTIMAL,0.02
4131,"[60, 216]",6,6,OPTIMAL,0.03
4135,"[60, 220]",5,5,OPTIMAL,0.02
4139,"[60, 232]",5,5,OPTIMAL,0.01
4143,"[60, 236]",5,5,OPTIMAL,0.02
4147,"[60, 252]",3,3,OPTIMAL,0.00
4151,"[61, 63]",4,4,OPTIMAL,0.01
4155,"[61, 67]",6,6,OPTIMAL,0.03
4159,"[61, 74]",6,6,OPTIMAL,0.03
4163,"[61, 78]",6,6,OPTIMAL,0.03
4167,"[61, 86]",6,6,OPTIMAL,0.03
4171,"[61, 90]",6,6,OPTIMAL,0.03
4175,"[61, 94]",7,7,OPTIMAL,0.13
4179,"[61, 106]",7,7,OPTIMAL,0.14
4183,"[61, 111]",7,7,OPTIMAL,0.15
4187,"[61, 127]",5,5,OPTIMAL,0.02
4191,"[61, 131]",6,6,OPTIMAL,0.03
4195,"[61, 135]",7,7,OPTIMAL,0.15
4199,"[61, 139]",6,6,OPTIMAL,0.04
4203,"[61, 143]",6,6,OPTIMAL,0.04
4207,"[61, 152]",6,6,OPTIMAL,0.03
4211,"[61, 156]",8,8,OPTIMAL,1.66
4215,"[61, 169]",6,6,OPTIMAL,0.03
4219,"[61, 188]",6,6,OPTIMAL,0.03
4223,"[61, 192]",4,4,OPTIMAL,0.01
4227,"[61, 196]",5,5,OPTIMAL,0.02
4231,"[61, 200]",6,6,OPTIMAL,0.04
4235,"[61, 205]",5,5,OPTIMAL,0.02
4239,"[61, 214]",6,6,OPTIMAL,0.04
4243,"[61, 218]",7,7,OPTIMAL,0.14
4247,"[61, 222]",6,6,OPTIMAL,0.04
4251,"[61, 236]",5,5,OPTIMAL,0.03
4255,"[61, 252]",4,4,OPTIMAL,0.01
4259,"[62, 64]",5,5,OPTIMAL,0.03
4263,"[62, 68]",5,5,OPTIMAL,0.03
4267,"[62, 72]",7,7,OPTIMAL,0.19
4271,"[62, 76]",6,6,OPTIMAL,0.04
4275,"[62, 85]",5,4,SUBOPTIMAL,0.04
4279,"[62, 89]",7,7,OPTIMAL,0.15
4283,"[62, 95]",5,5,OPTIMAL,0.03
4287,"[62, 108]",8,8,OPTIMAL,1.40
4291,"[62, 126]",6,6,OPTIMAL,0.04
4295,"[62, 130]",6,6,OPTIMAL,0.04
4299,"[62, 136]",5,5,OPTIMAL,0.02
4303,"[62, 143]",6,6,OPTIMAL,0.04
4307,"[62, 152]",7,7,OPTIMAL,0.15
4311,"[62, 157]",7,7,OPTIMAL,0.16
4315,"[62, 169]",6,6,OPTIMAL,0.03
4319,"[62, 174]",5,5,OPTIMAL,0.02
4323,"[62, 190]",5,5,OPTIMAL,0.03
4327,"[62, 194]",6,6,OPTIMAL,0.04
4331,"[62, 198]",7,7,OPTIMAL,0.15
4335,"[62, 202]",6,6,OPTIMAL,0.04
4339,"[62, 207]",4,4,OPTIMAL,0.01
4343,"[62, 218]",7,7,OPTIMAL,0.12
4347,"[62, 222]",7,7,OPTIMAL,0.21
4351,"[62, 235]",5,5,OPTIMAL,0.02
4355,"[62, 239]",5,5,OPTIMAL,0.03
4359,"[63, 64]",2,2,OPTIMAL,0.00
4363,"[63, 68]",2,2,OPTIMAL,0.01
4367,"[63, 72]",5,5,OPTIMAL,0.03
4371,"[63, 76]",3,3,OPTIMAL,0.00
4375,"[63, 84]",3,3,OPTIMAL,0.00
4379,"[63, 88]",5,5,OPTIMAL,0.03
4383,"[63, 92]",4,4,OPTIMAL,0.01
4387,"[63, 104]",6,6,OPTIMAL,0.04
4391,"[63, 108]",5,5,OPTIMAL,0.03
4395,"[63, 124]",4,4,OPTIMAL,0.01
4399,"[63, 128]",2,2,OPTIMAL,0.00
4403,"[63, 132]",5,5,OPTIMAL,0.03
4407,"[63, 136]",2,2,OPTIMAL,0.00
4411,"[63, 140]",3,3,OPTIMAL,0.01
4415,"[63, 148]",6,6,OPTIMAL,0.05
4419,"[63, 152]",5,5,OPTIMAL,0.03
4423,"[63, 156]",5,5,OPTIMAL,0.03
4427,"[63, 168]",3,3,OPTIMAL,0.01
4431,"[63, 173]",5,5,OPTIMAL,0.03
4435,"[63, 189]",5,5,OPTIMAL,0.03
4439,"[63, 193]",4,4,OPTIMAL,0.01
4443,"[63, 197]",3,3,OPTIMAL,0.01
4447,"[63, 201]",5,5,OPTIMAL,0.04
4451,"[63, 206]",3,3,OPTIMAL,0.01
4455,"[63, 214]",6,6,OPTIMAL,0.04
4459,"[63, 218]",5,5,OPTIMAL,0.03
4463,"[63, 222]",5,5,OPTIMAL,0.03
4467,"[63, 234]",2,2,OPTIMAL,0.01
4471,"[63, 238]",2,2,OPTIMAL,0.00
4475,"[63, 254]",3,3,OPTIMAL,0.01
4479,"[104, 110]",6,6,OPTIMAL,0.04
4483,"[104, 128]",6,6,OPTIMAL,0.04
4487,"[104, 134]",7,7,OPTIMAL,0.16
4491,"[104, 150]",7,7,OPTIMAL,0.10
4495,"[104, 154]",8,8,OPTIMAL,0.96
4499,"[104, 169]",8,8,OPTIMAL,0.99
4503,"[104, 190]",7,7,OPTIMAL,0.15
4507,"[104, 235]",7,7,OPTIMAL,0.15
4511,"[105, 106]",8,8,OPTIMAL,0.86
4515,"[105, 126]",9,9,OPTIMAL,5.84
4519,"[105, 130]",6,6,OPTIMAL,0.04
4523,"[105, 136]",6,6,OPTIMAL,0.04
4527,"[105, 142]",7,7,OPTIMAL,0.15
4531,"[105, 152]",7,7,OPTIMAL,0.14
4535,"[105, 158]",7,7,OPTIMAL,0.14
4539,"[105, 171]",7,7,OPTIMAL,0.30
4543,"[105, 175]",6,6,OPTIMAL,0.04
4547,"[105, 191]",7,7,OPTIMAL,0.18
4551,"[105, 235]",6,6,OPTIMAL,0.04
4555,"[106, 107]",6,6,OPTIMAL,0.04
4559,"[106, 111]",5,5,OPTIMAL,0.02
4563,"[106, 127]",4,4,OPTIMAL,0.01
4567,"[106, 131]",6,6,OPTIMAL,0.03
4571,"[106, 135]",7,7,OPTIMAL,0.15
4575,"[106, 139]",7,7,OPTIMAL,0.14
4579,"[106, 143]",5,5,OPTIMAL,0.02
4583,"[106, 151]",6,6,OPTIMAL,0.03
4587,"[106, 155]",7,7,OPTIMAL,0.15
4591,"[106, 159]",5,5,OPTIMAL,0.02
4595,"[106, 172]",7,7,OPTIMAL,0.15
4599,"[106, 188]",6,6,OPTIMAL,0.04
4603,"[106, 192]",4,4,OPTIMAL,0.01
4607,"[106, 196]",5,5,OPTIMAL,0.02
4611,"[106, 200]",5,5,OPTIMAL,0.02
4615,"[106, 205]",6,6,OPTIMAL,0.04
4619,"[106, 213]",4,4,OPTIMAL,0.01
4623,"[106, 217]",7,7,OPTIMAL,0.15
4627,"[106, 221]",5,5,OPTIMAL,0.02
4631,"[106, 233]",8,8,OPTIMAL,1.36
4635,"[106, 237]",7,7,OPTIMAL,0.18
4639,"[106, 253]",6,6,OPTIMAL,0.05
4643,"[107, 111]",6,6,OPTIMAL,0.05
4647,"[107, 130]",7,7,OPTIMAL,0.17
4651,"[107, 136]",7,7,OPTIMAL,0.24
4655,"[107, 150]",7,7,OPTIMAL,0.14
4659,"[107, 154]",8,8,OPTIMAL,1.27
4663,"[107, 158]",7,7,OPTIMAL,0.14
4667,"[107, 171]",6,6,OPTIMAL,0.04
4671,"[107, 190]",6,6,OPTIMAL,0.05
4675,"[107, 195]",6,6,OPTIMAL,0.04
4679,"[107, 203]",7,7,OPTIMAL,0.18
4683,"[107, 212]",6,6,OPTIMAL,0.04
4687,"[107, 221]",6,6,OPTIMAL,0.05
4691,"[107, 235]",6,6,OPTIMAL,0.05
4695,"[107, 239]",6,6,OPTIMAL,0.05
4699,"[110, 111]",5,5,OPTIMAL,0.03
4703,"[110, 120]",6,6,OPTIMAL,0.04
4707,"[110, 128]",4,4,OPTIMAL,0.01
4711,"[110, 136]",4,4,OPTIMAL,0.01
4715,"[110, 145]",4,4,OPTIMAL,0.01
4719,"[110, 151]",6,6,OPTIMAL,0.04
4723,"[110, 155]",6,6,OPTIMAL,0.04
4727,"[110, 161]",6,6,OPTIMAL,0.04
4731,"[110, 165]",6,6,OPTIMAL,0.03
4735,"[110, 169]",8,8,OPTIMAL,1.37
4739,"[110, 175]",5,5,OPTIMAL,0.03
4743,"[110, 181]",7,7,OPTIMAL,0.17
4747,"[110, 186]",6,6,OPTIMAL,0.04
4751,"[110, 190]",7,7,OPTIMAL,0.18
4755,"[110, 226]",6,6,OPTIMAL,0.04
4759,"[110, 234]",5,5,OPTIMAL,0.03
4763,"[110, 241]",5,5,OPTIMAL,0.03
4767,"[110, 247]",5,5,OPTIMAL,0.04
4771,"[110, 251]",5,5,OPTIMAL,0.03
4775,"[111, 114]",6,6,OPTIMAL,0.05
4779,"[111, 120]",7,7,OPTIMAL,0.19
4783,"[111, 126]",7,7,OPTIMAL,0.15
4787,"[111, 130]",6,6,OPTIMAL,0.04
4791,"[111, 136]",4,4,OPTIMAL,0.01
4795,"[111, 142]",6,6,OPTIMAL,0.04
4799,"[111, 146]",6,6,OPTIMAL,0.04
4803,"[111, 152]",5,5,OPTIMAL,0.03
4807,"[111, 158]",6,6,OPTIMAL,0.04
4811,"[111, 162]",6,6,OPTIMAL,0.05
4815,"[111, 166]",7,7,OPTIMAL,0.22
4819,"[111, 171]",6,6,OPTIMAL,0.05
4823,"[111, 175]",5,5,OPTIMAL,0.03
4827,"[111, 179]",5,5,OPTIMAL,0.03
4831,"[111, 183]",6,6,OPTIMAL,0.04
4835,"[111, 187]",4,4,OPTIMAL,0.01
4839,"[111, 191]",5,5,OPTIMAL,0.03
4843,"[111, 227]",7,7,OPTIMAL,0.18
4847,"[111, 233]",7,7,OPTIMAL,0.20
4851,"[111, 239]",5,5,OPTIMAL,0.03
4855,"[111, 246]",5,5,OPTIMAL,0.03
4859,"[111, 250]",5,5,OPTIMAL,0.03
4863,"[126, 128]",5,5,OPTIMAL,0.04
4867,"[126, 135]",7,7,OPTIMAL,0.21
4871,"[126, 139]",5,5,OPTIMAL,0.03
4875,"[126, 151]",8,8,OPTIMAL,1.12
4879,"[126, 155]",7,7,OPTIMAL,0.15
4883,"[126, 171]",5,5,OPTIMAL,0.03
4887,"[126, 175]",5,5,OPTIMAL,0.03
4891,"[126, 191]",6,6,OPTIMAL,0.05
4895,"[126, 235]",6,6,OPTIMAL,0.05
4899,"[127, 128]",2,2,OPTIMAL,0.00
4903,"[127, 134]",6,6,OPTIMAL,0.05
4907,"[127, 138]",3,3,OPTIMAL,0.01
4911,"[127, 150]",7,7,OPTIMAL,0.19
4915,"[127, 154]",5,5,OPTIMAL,0.03
4919,"[127, 168]",4,4,OPTIMAL,0.01
4923,"[127, 173]",5,5,OPTIMAL,0.03
4927,"[127, 189]",6,6,OPTIMAL,0.05
4931,"[127, 233]",7,7,OPTIMAL,0.18
4935,"[127, 239]",4,4,OPTIMAL,0.01
4939,"[128, 131]",4,4,OPTIMAL,0.01
4943,"[128, 137]",5,5,OPTIMAL,0.02
4947,"[128, 143]",3,3,OPTIMAL,0.00
4951,"[128, 153]",4,4,OPTIMAL,0.01
4955,"[128, 159]",5,5,OPTIMAL,0.03
4959,"[128, 172]",4,4,OPTIMAL,0.01
4963,"[128, 188]",5,5,OPTIMAL,0.02
4967,"[128, 232]",5,5,OPTIMAL,0.03
4971,"[128, 238]",3,3,OPTIMAL,0.01
4975,"[129, 131]",6,6,OPTIMAL,0.04
4979,"[129, 138]",6,6,OPTIMAL,0.04
4983,"[129, 150]",9,9,OPTIMAL,7.02
4987,"[129, 154]",8,8,OPTIMAL,1.14
4991,"[129, 169]",7,7,OPTIMAL,0.14
4995,"[129, 174]",6,6,OPTIMAL,0.04
4999,"[129, 190]",7,7,OPTIMAL,0.23
5003,"[129, 234]",6,6,OPTIMAL,0.08
5007,"[129, 254]",5,5,OPTIMAL,0.03
5011,"[130, 134]",6,6,OPTIMAL,0.06
5015,"[130, 138]",4,4,OPTIMAL,0.01
5019,"[130, 142]",5,5,OPTIMAL,0.04
5023,"[130, 150]",6,6,OPTIMAL,0.05
5027,"[130, 154]",6,6,OPTIMAL,0.07
5031,"[130, 158]",7,7,OPTIMAL,0.24
5035,"[130, 171]",5,5,OPTIMAL,0.03
5039,"[130, 175]",5,5,OPTIMAL,0.03
5043,"[130, 191]",5,5,OPTIMAL,0.04
5047,"[130, 195]",4,4,OPTIMAL,0.01
5051,"[130, 199]",5,5,OPTIMAL,0.03
5055,"[130, 203]",6,6,OPTIMAL,0.04
5059,"[130, 212]",6,6,OPTIMAL,0.05
5063,"[130, 216]",7,7,OPTIMAL,0.22
5067,"[130, 220]",6,6,OPTIMAL,0.06
5071,"[130, 232]",6,6,OPTIMAL,0.05
5075,"[130, 236]",5,5,OPTIMAL,0.03
5079,"[130, 252]",4,4,OPTIMAL,0.01
5083,"[131, 134]",7,7,OPTIMAL,0.15
5087,"[131, 138]",5,5,OPTIMAL,0.03
5091,"[131, 143]",4,4,OPTIMAL,0.01
5095,"[131, 152]",7,7,OPTIMAL,0.20
5099,"[131, 157]",7,7,OPTIMAL,0.18
5103,"[131, 171]",5,5,OPTIMAL,0.03
5107,"[131, 175]",5,5,OPTIMAL,0.03
5111,"[131, 191]",5,5,OPTIMAL,0.03
5115,"[131, 196]",5,5,OPTIMAL,0.03
5119,"[131, 201]",8,8,OPTIMAL,1.32
5123,"[131, 206]",6,6,OPTIMAL,0.04
5127,"[131, 215]",5,5,OPTIMAL,0.02
5131,"[131, 220]",6,6,OPTIMAL,0.04
5135,"[131, 234]",5,5,OPTIMAL,0.02
5139,"[131, 238]",5,5,OPTIMAL,0.03
5143,"[131, 254]",5,5,OPTIMAL,0.03
5147,"[134, 138]",6,6,OPTIMAL,0.04
5151,"[134, 147]",8,8,OPTIMAL,1.01
5155,"[134, 154]",8,8,OPTIMAL,1.02
5159,"[134, 165]",6,6,OPTIMAL,0.04
5163,"[134, 171]",7,7,OPTIMAL,0.22
5167,"[134, 180]",8,8,OPTIMAL,1.26
5171,"[134, 185]",7,7,OPTIMAL,0.16
5175,"[134, 191]",7,7,OPTIMAL,0.25
5179,"[134, 231]",8,8,OPTIMAL,0.99
5183,"[134, 239]",7,7,OPTIMAL,0.21
5187,"[134, 247]",6,6,OPTIMAL,0.04
5191,"[134, 251]",6,6,OPTIMAL,0.04
5195,"[135, 138]",5,5,OPTIMAL,0.02
5199,"[135, 144]",7,7,OPTIMAL,0.16
5203,"[135, 150]",8,8,OPTIMAL,1.10
5207,"[135, 154]",8,8,OPTIMAL,1.70
5211,"[135, 160]",5,5,OPTIMAL,0.04
5215,"[135, 164]",7,7,OPTIMAL,0.28
5219,"[135, 168]",5,5,OPTIMAL,0.04
5223,"[135, 173]",7,7,OPTIMAL,0.19
5227,"[135, 177]",7,7,OPTIMAL,0.13
5231,"[135, 181]",7,7,OPTIMAL,0.14
5235,"[135, 185]",7,7,OPTIMAL,0.16
5239,"[135, 189]",8,8,OPTIMAL,1.03
5243,"[135, 225]",8,8,OPTIMAL,1.05
5247,"[135, 231]",7,7,OPTIMAL,0.18
5251,"[135, 235]",7,7,OPTIMAL,0.15
5255,"[135, 242]",6,6,OPTIMAL,0.04
5259,"[135, 248]",4,4,OPTIMAL,0.01
5263,"[135, 254]",6,6,OPTIMAL,0.05
5267,"[136, 142]",4,4,OPTIMAL,0.01
5271,"[136, 146]",7,7,OPTIMAL,0.34
5275,"[136, 152]",4,4,OPTIMAL,0.01
5279,"[136, 158]",6,6,OPTIMAL,0.05
5283,"[136, 162]",3,3,OPTIMAL,0.01
5287,"[136, 166]",5,5,OPTIMAL,0.02
5291,"[136, 171]",3,3,OPTIMAL,0.00
5295,"[136, 175]",2,2,OPTIMAL,0.01
5299,"[136, 179]",3,3,OPTIMAL,0.00
5303,"[136, 183]",5,5,OPTIMAL,0.03
5307,"[136, 187]",2,2,OPTIMAL,0.00
5311,"[136, 191]",3,3,OPTIMAL,0.00
5315,"[136, 227]",5,5,OPTIMAL,0.03
5319,"[136, 233]",6,6,OPTIMAL,0.05
5323,"[136, 239]",3,3,OPTIMAL,0.00
5327,"[136, 246]",4,4,OPTIMAL,0.01
5331,"[136, 250]",2,2,OPTIMAL,0.00
5335,"[137, 139]",5,5,OPTIMAL,0.02
5339,"[137, 150]",7,7,OPTIMAL,0.08
5343,"[137, 155]",7,7,OPTIMAL,0.19
5347,"[137, 163]",6,6,OPTIMAL,0.04
5351,"[137, 167]",7,7,OPTIMAL,0.15
5355,"[137, 173]",7,7,OPTIMAL,0.18
5359,"[137, 179]",6,6,OPTIMAL,0.04
5363,"[137, 184]",6,6,OPTIMAL,0.04
5367,"[137, 188]",7,7,OPTIMAL,0.17
5371,"[137, 224]",5,5,OPTIMAL,0.03
5375,"[137, 230]",6,6,OPTIMAL,0.04
5379,"[137, 235]",6,6,OPTIMAL,0.04
5383,"[137, 242]",5,5,OPTIMAL,0.02
5387,"[137, 248]",5,5,OPTIMAL,0.02
5391,"[137, 254]",4,4,OPTIMAL,0.01
5395,"[138, 142]",4,4,OPTIMAL,0.01
5399,"[138, 147]",5,5,OPTIMAL,0.02
5403,"[138, 152]",5,5,OPTIMAL,0.02
5407,"[138, 156]",6,6,OPTIMAL,0.04
5411,"[138, 160]",3,3,OPTIMAL,0.00
5415,"[138, 164]",6,6,OPTIMAL,0.04
5419,"[138, 168]",4,4,OPTIMAL,0.01
5423,"[138, 173]",5,5,OPTIMAL,0.02
5427,"[138, 177]",5,5,OPTIMAL,0.02
5431,"[138, 181]",6,6,OPTIMAL,0.04
5435,"[138, 185]",5,5,OPTIMAL,0.03
5439,"[138, 189]",6,6,OPTIMAL,0.05
5443,"[138, 193]",5,5,OPTIMAL,0.03
5447,"[138, 197]",4,4,OPTIMAL,0.01
5451,"[138, 201]",6,6,OPTIMAL,0.05
5455,"[138, 206]",3,3,OPTIMAL,0.01
5459,"[138, 210]",5,5,OPTIMAL,0.03
5463,"[138, 215]",5,5,OPTIMAL,0.02
5467,"[138, 219]",5,5,OPTIMAL,0.03
5471,"[138, 223]",3,3,OPTIMAL,0.00
5475,"[138, 227]",5,5,OPTIMAL,0.02
5479,"[138, 231]",6,6,OPTIMAL,0.04
5483,"[138, 235]",5,5,OPTIMAL,0.03
5487,"[138, 239]",3,3,OPTIMAL,0.00
5491,"[138, 244]",4,4,OPTIMAL,0.01
5495,"[138, 248]",4,4,OPTIMAL,0.01
5499,"[138, 252]",3,3,OPTIMAL,0.00
5503,"[139, 141]",5,5,OPTIMAL,0.02
5507,"[139, 147]",7,7,OPTIMAL,0.19
5511,"[139, 153]",5,5,OPTIMAL,0.02
5515,"[139, 157]",6,6,OPTIMAL,0.04
5519,"[139, 162]",5,5,OPTIMAL,0.03
5523,"[139, 166]",7,7,OPTIMAL,0.13
5527,"[139, 171]",4,4,OPTIMAL,0.01
5531,"[139, 176]",4,4,OPTIMAL,0.01
5535,"[139, 181]",6,6,OPTIMAL,0.04
5539,"[139, 186]",4,4,OPTIMAL,0.01
5543,"[139, 190]",6,6,OPTIMAL,0.04
5547,"[139, 195]",5,5,OPTIMAL,0.02
5551,"[139, 200]",5,5,OPTIMAL,0.02
5555,"[139, 206]",5,5,OPTIMAL,0.02
5559,"[139, 210]",7,7,OPTIMAL,0.15
5563,"[139, 218]",6,6,OPTIMAL,0.04
5567,"[139, 222]",6,6,OPTIMAL,0.04
5571,"[139, 226]",6,6,OPTIMAL,0.04
5575,"[139, 231]",7,7,OPTIMAL,0.16
5579,"[139, 236]",5,5,OPTIMAL,0.03
5583,"[139, 241]",5,5,OPTIMAL,0.02
5587,"[139, 245]",4,4,OPTIMAL,0.01
5591,"[139, 249]",6,6,OPTIMAL,0.04
5595,"[139, 253]",4,4,OPTIMAL,0.01
5599,"[142, 147]",7,7,OPTIMAL,0.16
5603,"[142, 158]",6,6,OPTIMAL,0.04
5607,"[142, 163]",6,6,OPTIMAL,0.04
5611,"[142, 168]",6,6,OPTIMAL,0.04
5615,"[142, 174]",4,4,OPTIMAL,0.01
5619,"[142, 178]",6,6,OPTIMAL,0.04
5623,"[142, 184]",6,6,OPTIMAL,0.04
5627,"[142, 189]",6,6,OPTIMAL,0.04
5631,"[142, 225]",6,6,OPTIMAL,0.04
5635,"[142, 234]",6,6,OPTIMAL,0.04
5639,"[142, 241]",4,4,OPTIMAL,0.01
5643,"[142, 247]",5,5,OPTIMAL,0.03
5647,"[142, 251]",5,5,OPTIMAL,0.03
5651,"[143, 147]",5,5,OPTIMAL,0.03
5655,"[143, 153]",4,4,OPTIMAL,0.01
5659,"[143, 159]",4,4,OPTIMAL,0.01
5663,"[143, 163]",5,5,OPTIMAL,0.02
5667,"[143, 167]",5,5,OPTIMAL,0.03
5671,"[143, 172]",5,5,OPTIMAL,0.02
5675,"[143, 176]",4,4,OPTIMAL,0.01
5679,"[143, 180]",6,6,OPTIMAL,0.04
5683,"[143, 184]",4,4,OPTIMAL,0.01
5687,"[143, 188]",5,5,OPTIMAL,0.03
5691,"[143, 224]",4,4,OPTIMAL,0.01
5695,"[143, 230]",5,5,OPTIMAL,0.03
5699,"[143, 234]",4,4,OPTIMAL,0.01
5703,"[143, 241]",4,4,OPTIMAL,0.01
5707,"[143, 247]",3,3,OPTIMAL,0.00
5711,"[143, 251]",4,4,OPTIMAL,0.01
5715,"[150, 153]",6,6,OPTIMAL,0.04
5719,"[150, 159]",6,6,OPTIMAL,0.04
5723,"[150, 172]",8,8,OPTIMAL,1.38
5727,"[150, 188]",7,7,OPTIMAL,0.08
5731,"[150, 232]",7,7,OPTIMAL,0.16
5735,"[150, 238]",6,6,OPTIMAL,0.04
5739,"[151, 153]",6,6,OPTIMAL,0.04
5743,"[151, 168]",6,6,OPTIMAL,0.04
5747,"[151, 175]",7,7,OPTIMAL,0.36
5751,"[151, 234]",6,6,OPTIMAL,0.04
5755,"[151, 254]",7,7,OPTIMAL,0.19
5759,"[152, 158]",6,6,OPTIMAL,0.03
5763,"[152, 162]",6,6,OPTIMAL,0.04
5767,"[152, 166]",8,8,OPTIMAL,1.29
5771,"[152, 171]",5,5,OPTIMAL,0.03
5775,"[152, 175]",4,4,OPTIMAL,0.01
5779,"[152, 179]",6,6,OPTIMAL,0.04
5783,"[152, 184]",5,5,OPTIMAL,0.02
5787,"[152, 188]",7,7,OPTIMAL,0.21
5791,"[152, 224]",5,5,OPTIMAL,0.03
5795,"[152, 234]",5,5,OPTIMAL,0.03
5799,"[152, 241]",5,5,OPTIMAL,0.03
5803,"[152, 247]",5,5,OPTIMAL,0.03
5807,"[152, 251]",5,5,OPTIMAL,0.04
5811,"[153, 158]",6,6,OPTIMAL,0.06
5815,"[153, 162]",5,5,OPTIMAL,0.04
5819,"[153, 166]",6,6,OPTIMAL,0.06
5823,"[153, 171]",5,5,OPTIMAL,0.04
5827,"[153, 175]",4,4,OPTIMAL,0.01
5831,"[153, 179]",5,5,OPTIMAL,0.06
5835,"[153, 183]",7,7,OPTIMAL,0.29
5839,"[153, 187]",3,3,OPTIMAL,0.01
5843,"[153, 191]",4,4,OPTIMAL,0.01
5847,"[153, 227]",6,6,OPTIMAL,0.06
5851,"[153, 233]",6,6,OPTIMAL,0.05
5855,"[153, 239]",4,4,OPTIMAL,0.01
5859,"[153, 246]",4,4,OPTIMAL,0.01
5863,"[153, 250]",4,4,OPTIMAL,0.01
5867,"[154, 156]",7,7,OPTIMAL,0.18
5871,"[154, 160]",5,5,OPTIMAL,0.03
5875,"[154, 164]",8,8,OPTIMAL,1.62
5879,"[154, 168]",6,6,OPTIMAL,0.05
5883,"[154, 173]",7,7,OPTIMAL,0.26
5887,"[154, 177]",7,7,OPTIMAL,0.27
5891,"[154, 181]",7,7,OPTIMAL,0.25
5895,"[154, 185]",7,7,OPTIMAL,0.21
5899,"[154, 189]",8,8,OPTIMAL,1.76
5903,"[154, 194]",7,7,OPTIMAL,0.20
5907,"[154, 198]",8,8,OPTIMAL,2.25
5911,"[154, 202]",6,6,OPTIMAL,0.04
5915,"[154, 207]",4,4,OPTIMAL,0.01
5919,"[154, 211]",6,6,OPTIMAL,0.04
5923,"[154, 215]",7,7,OPTIMAL,0.23
5927,"[154, 219]",7,7,OPTIMAL,0.17
5931,"[154, 223]",4,4,OPTIMAL,0.01
5935,"[154, 227]",6,6,OPTIMAL,0.03
5939,"[154, 231]",7,7,OPTIMAL,0.16
5943,"[154, 235]",7,7,OPTIMAL,0.19
5947,"[154, 239]",4,4,OPTIMAL,0.01
5951,"[154, 244]",6,6,OPTIMAL,0.04
5955,"[154, 248]",6,6,OPTIMAL,0.04
5959,"[154, 252]",5,5,OPTIMAL,0.03
5963,"[155, 157]",6,6,OPTIMAL,0.04
5967,"[155, 161]",7,7,OPTIMAL,0.17
5971,"[155, 165]",6,6,OPTIMAL,0.04
5975,"[155, 169]",7,7,OPTIMAL,0.21
5979,"[155, 174]",6,6,OPTIMAL,0.04
5983,"[155, 179]",5,5,OPTIMAL,0.03
5987,"[155, 184]",6,6,OPTIMAL,0.04
5991,"[155, 188]",7,7,OPTIMAL,0.17
5995,"[155, 192]",5,5,OPTIMAL,0.03
5999,"[155, 196]",6,6,OPTIMAL,0.05
6003,"[155, 200]",6,6,OPTIMAL,0.04
6007,"[155, 205]",6,6,OPTIMAL,0.05
6011,"[155, 210]",6,6,OPTIMAL,0.04
6015,"[155, 219]",6,6,OPTIMAL,0.04
6019,"[155, 223]",4,4,OPTIMAL,0.01
6023,"[155, 227]",7,7,OPTIMAL,0.18
6027,"[155, 231]",7,7,OPTIMAL,0.16
6031,"[155, 236]",4,4,OPTIMAL,0.01
6035,"[155, 241]",5,5,OPTIMAL,0.02
6039,"[155, 245]",5,5,OPTIMAL,0.03
6043,"[155, 249]",6,6,OPTIMAL,0.04
6047,"[155, 253]",5,5,OPTIMAL,0.03
6051,"[158, 161]",7,7,OPTIMAL,0.19
6055,"[158, 168]",7,7,OPTIMAL,0.25
6059,"[158, 175]",6,6,OPTIMAL,0.04
6063,"[158, 187]",7,7,OPTIMAL,0.36
6067,"[158, 224]",6,6,OPTIMAL,0.04
6071,"[158, 233]",7,7,OPTIMAL,0.16
6075,"[158, 241]",6,6,OPTIMAL,0.06
6079,"[158, 247]",7,7,OPTIMAL,0.24
6083,"[158, 251]",7,7,OPTIMAL,0.21
6087,"[159, 162]",6,6,OPTIMAL,0.05
6091,"[159, 166]",7,7,OPTIMAL,0.19
6095,"[159, 171]",6,6,OPTIMAL,0.05
6099,"[159, 175]",5,5,OPTIMAL,0.03
6103,"[159, 179]",5,5,OPTIMAL,0.03
6107,"[159, 183]",6,6,OPTIMAL,0.05
6111,"[159, 187]",4,4,OPTIMAL,0.01
6115,"[159, 191]",5,5,OPTIMAL,0.03
6119,"[159, 227]",6,6,OPTIMAL,0.04
6123,"[159, 233]",7,7,OPTIMAL,0.18
6127,"[159, 239]",5,5,OPTIMAL,0.03
6131,"[159, 246]",5,5,OPTIMAL,0.03
6135,"[159, 250]",5,5,OPTIMAL,0.03
6139,"[168, 171]",3,3,OPTIMAL,0.00
6143,"[168, 175]",3,3,OPTIMAL,0.00
6147,"[168, 191]",4,4,OPTIMAL,0.01
6151,"[168, 195]",4,4,OPTIMAL,0.01
6155,"[168, 199]",5,5,OPTIMAL,0.03
6159,"[168, 203]",5,5,OPTIMAL,0.03
6163,"[168, 212]",5,5,OPTIMAL,0.03
6167,"[168, 216]",5,5,OPTIMAL,0.03
6171,"[168, 220]",4,4,OPTIMAL,0.01
6175,"[168, 232]",4,4,OPTIMAL,0.01
6179,"[168, 236]",3,3,OPTIMAL,0.00
6183,"[168, 252]",2,2,OPTIMAL,0.00
6187,"[169, 172]",6,6,OPTIMAL,0.04
6191,"[169, 188]",7,7,OPTIMAL,0.18
6195,"[169, 192]",5,5,OPTIMAL,0.03
6199,"[169, 196]",6,6,OPTIMAL,0.04
6203,"[169, 200]",6,6,OPTIMAL,0.04
6207,"[169, 205]",5,5,OPTIMAL,0.03
6211,"[169, 213]",6,6,OPTIMAL,0.05
6215,"[169, 217]",7,7,OPTIMAL,0.15
6219,"[169, 221]",5,5,OPTIMAL,0.03
6223,"[169, 233]",6,6,OPTIMAL,0.05
6227,"[169, 237]",5,5,OPTIMAL,0.03
6231,"[169, 253]",4,4,OPTIMAL,0.01
6235,"[171, 174]",4,4,OPTIMAL,0.01
6239,"[171, 190]",5,5,OPTIMAL,0.03
6243,"[171, 194]",5,5,OPTIMAL,0.03
6247,"[171, 198]",6,6,OPTIMAL,0.04
6251,"[171, 202]",5,5,OPTIMAL,0.03
6255,"[171, 207]",3,3,OPTIMAL,0.01
6259,"[171, 215]",5,5,OPTIMAL,0.03
6263,"[171, 219]",6,6,OPTIMAL,0.04
6267,"[171, 223]",4,4,OPTIMAL,0.01
6271,"[171, 235]",4,4,OPTIMAL,0.01
6275,"[171, 239]",3,3,OPTIMAL,0.00
6279,"[172, 173]",5,5,OPTIMAL,0.02
6283,"[172, 178]",6,6,OPTIMAL,0.04
6287,"[172, 185]",6,6,OPTIMAL,0.03
6291,"[172, 189]",5,5,OPTIMAL,0.03
6295,"[172, 193]",6,6,OPTIMAL,0.04
6299,"[172, 198]",7,7,OPTIMAL,0.16
6303,"[172, 202]",6,6,OPTIMAL,0.04
6307,"[172, 208]",5,5,OPTIMAL,0.03
6311,"[172, 213]",5,5,OPTIMAL,0.03
6315,"[172, 220]",4,4,OPTIMAL,0.01
6319,"[172, 224]",5,5,OPTIMAL,0.03
6323,"[172, 230]",6,6,OPTIMAL,0.04
6327,"[172, 235]",6,6,OPTIMAL,0.04
6331,"[172, 239]",4,4,OPTIMAL,0.01
6335,"[172, 244]",5,5,OPTIMAL,0.03
6339,"[172, 248]",5,5,OPTIMAL,0.03
6343,"[172, 252]",3,3,OPTIMAL,0.01
6347,"[173, 175]",4,4,OPTIMAL,0.01
6351,"[173, 181]",6,6,OPTIMAL,0.04
6355,"[173, 187]",5,5,OPTIMAL,0.03
6359,"[173, 191]",5,5,OPTIMAL,0.03
6363,"[173, 196]",5,5,OPTIMAL,0.03
6367,"[173, 200]",5,5,OPTIMAL,0.03
6371,"[173, 206]",5,5,OPTIMAL,0.03
6375,"[173, 210]",6,6,OPTIMAL,0.04
6379,"[173, 215]",6,6,OPTIMAL,0.04
6383,"[173, 219]",7,7,OPTIMAL,0.14
6387,"[173, 223]",5,5,OPTIMAL,0.03
6391,"[173, 227]",7,7,OPTIMAL,0.18
6395,"[173, 231]",7,7,OPTIMAL,0.18
6399,"[173, 235]",7,7,OPTIMAL,0.25
6403,"[173, 239]",5,5,OPTIMAL,0.03
6407,"[173, 244]",6,6,OPTIMAL,0.04
6411,"[173, 248]",5,5,OPTIMAL,0.03
6415,"[173, 252]",4,4,OPTIMAL,0.01
6419,"[174, 176]",4,4,OPTIMAL,0.01
6423,"[174, 180]",5,5,OPTIMAL,0.03
6427,"[174, 185]",6,6,OPTIMAL,0.07
6431,"[174, 189]",6,6,OPTIMAL,0.05
6435,"[174, 193]",5,5,OPTIMAL,0.03
6439,"[174, 197]",5,5,OPTIMAL,0.04
6443,"[174, 201]",5,5,OPTIMAL,0.04
6447,"[174, 206]",4,4,OPTIMAL,0.01
6451,"[174, 210]",6,6,OPTIMAL,0.05
6455,"[174, 214]",7,7,OPTIMAL,0.26
6459,"[174, 218]",6,6,OPTIMAL,0.04
6463,"[174, 222]",6,6,OPTIMAL,0.05
6467,"[174, 226]",4,4,OPTIMAL,0.01
6471,"[174, 230]",5,5,OPTIMAL,0.03
6475,"[174, 235]",5,5,OPTIMAL,0.03
6479,"[174, 239]",4,4,OPTIMAL,0.01
6483,"[174, 244]",4,4,OPTIMAL,0.01
6487,"[174, 248]",4,4,OPTIMAL,0.01
6491,"[174, 252]",3,3,OPTIMAL,0.00
6495,"[175, 177]",4,4,OPTIMAL,0.01
6499,"[175, 181]",4,4,OPTIMAL,0.01
6503,"[175, 185]",5,5,OPTIMAL,0.03
6507,"[175, 189]",5,5,OPTIMAL,0.03
6511,"[175, 193]",5,5,OPTIMAL,0.03
6515,"[175, 197]",4,4,OPTIMAL,0.01
6519,"[175, 201]",5,5,OPTIMAL,0.03
6523,"[175, 206]",3,3,OPTIMAL,0.01
6527,"[175, 210]",5,5,OPTIMAL,0.03
6531,"[175, 214]",6,6,OPTIMAL,0.05
6535,"[175, 218]",4,4,OPTIMAL,0.01
6539,"[175, 222]",4,4,OPTIMAL,0.01
6543,"[175, 226]",4,4,OPTIMAL,0.01
6547,"[175, 230]",5,5,OPTIMAL,0.03
6551,"[175, 234]",3,3,OPTIMAL,0.01
6555,"[175, 238]",2,2,OPTIMAL,0.00
6559,"[175, 243]",2,2,OPTIMAL,0.01
6563,"[175, 247]",3,3,OPTIMAL,0.00
6567,"[175, 251]",3,3,OPTIMAL,0.00
6571,"[188, 189]",6,6,OPTIMAL,0.04
6575,"[188, 193]",6,6,OPTIMAL,0.04
6579,"[188, 197]",6,6,OPTIMAL,0.04
6583,"[188, 201]",7,7,OPTIMAL,0.16
6587,"[188, 207]",4,4,OPTIMAL,0.01
6591,"[188, 217]",7,7,OPTIMAL,0.16
6595,"[188, 221]",5,5,OPTIMAL,0.03
6599,"[188, 234]",5,5,OPTIMAL,0.02
6603,"[188, 238]",5,5,OPTIMAL,0.03
6607,"[188, 254]",5,5,OPTIMAL,0.03
6611,"[189, 193]",7,7,OPTIMAL,0.15
6615,"[189, 197]",7,7,OPTIMAL,0.17
6619,"[189, 201]",8,8,OPTIMAL,1.21
6623,"[189, 206]",5,5,OPTIMAL,0.03
6627,"[189, 214]",8,8,OPTIMAL,1.14
6631,"[189, 218]",7,7,OPTIMAL,0.17
6635,"[189, 222]",6,6,OPTIMAL,0.04
6639,"[189, 235]",6,6,OPTIMAL,0.04
6643,"[189, 239]",6,6,OPTIMAL,0.05
6647,"[190, 191]",5,5,OPTIMAL,0.03
6651,"[190, 195]",4,4,OPTIMAL,0.01
6655,"[190, 199]",6,6,OPTIMAL,0.04
6659,"[190, 203]",5,5,OPTIMAL,0.03
6663,"[190, 212]",6,6,OPTIMAL,0.04
6667,"[190, 216]",7,7,OPTIMAL,0.24
6671,"[190, 220]",5,5,OPTIMAL,0.03
6675,"[190, 232]",6,6,OPTIMAL,0.05
6679,"[190, 236]",6,6,OPTIMAL,0.05
6683,"[190, 252]",4,4,OPTIMAL,0.01
6687,"[191, 193]",5,5,OPTIMAL,0.03
6691,"[191, 197]",4,4,OPTIMAL,0.01
6695,"[191, 201]",5,5,OPTIMAL,0.03
6699,"[191, 206]",4,4,OPTIMAL,0.01
6703,"[191, 214]",7,7,OPTIMAL,0.21
6707,"[191, 218]",5,5,OPTIMAL,0.03
6711,"[191, 222]",5,5,OPTIMAL,0.03
6715,"[191, 234]",3,3,OPTIMAL,0.01
6719,"[191, 238]",3,3,OPTIMAL,0.01
6723,"[191, 254]",4,4,OPTIMAL,0.01
6727,"[232, 238]",4,4,OPTIMAL,0.01
6731,"[233, 235]",6,6,OPTIMAL,0.05
6735,"[234, 235]",4,4,OPTIMAL,0.01
6739,"[234, 239]",3,3,OPTIMAL,0.01
6743,"[235, 236]",6,6,OPTIMAL,0.05
6747,"[235, 252]",4,4,OPTIMAL,0.01
6751,"[238, 241]",2,2,OPTIMAL,0.00
6755,"[238, 247]",3,3,OPTIMAL,0.01
6759,"[238, 251]",3,3,OPTIMAL,0.01
6763,"[239, 243]",3,3,OPTIMAL,0.01
6767,"[239, 249]",5,5,OPTIMAL,0.03
202535,"[7, 41]",7,7,OPTIMAL,0.21
202539,"[11, 121]",7,7,OPTIMAL,0.20
202543,"[14, 41]",7,7,OPTIMAL,0.24
202547,"[22, 43]",7,7,OPTIMAL,0.19
202551,"[22, 104]",8,8,OPTIMAL,1.48
202555,"[22, 134]",8,8,OPTIMAL,0.86
202559,"[22, 152]",7,7,OPTIMAL,0.15
202563,"[22, 189]",8,8,OPTIMAL,0.79
202567,"[23, 62]",6,6,OPTIMAL,0.04
202571,"[23, 134]",7,7,OPTIMAL,0.15
202575,"[23, 188]",6,6,OPTIMAL,0.04
202579,"[24, 146]",8,8,OPTIMAL,0.93
202583,"[25, 39]",6,6,OPTIMAL,0.04
202587,"[25, 107]",8,8,OPTIMAL,1.22
202591,"[25, 151]",7,7,OPTIMAL,0.08
202595,"[25, 232]",6,6,OPTIMAL,0.04
202599,"[26, 73]",8,8,OPTIMAL,1.23
202603,"[26, 104]",8,8,OPTIMAL,1.35
202607,"[26, 134]",8,8,OPTIMAL,1.24
202611,"[26, 152]",6,6,OPTIMAL,0.04
202615,"[26, 212]",6,6,OPTIMAL,0.04
202619,"[27, 37]",6,6,OPTIMAL,0.04
202623,"[27, 53]",5,5,OPTIMAL,0.02
202627,"[27, 83]",5,5,OPTIMAL,0.02
202631,"[27, 103]",6,6,OPTIMAL,0.04
202635,"[27, 116]",5,5,OPTIMAL,0.02
202639,"[27, 146]",8,8,OPTIMAL,1.66
202643,"[27, 158]",8,8,OPTIMAL,1.65
202647,"[27, 182]",8,8,OPTIMAL,1.37
202651,"[27, 209]",5,5,OPTIMAL,0.02
202655,"[27, 226]",5,5,OPTIMAL,0.02
202659,"[41, 46]",8,8,OPTIMAL,1.36
202663,"[41, 73]",8,8,OPTIMAL,0.94
202667,"[41, 88]",7,7,OPTIMAL,0.19
202671,"[41, 104]",8,8,OPTIMAL,0.79
202675,"[41, 129]",8,8,OPTIMAL,0.96
202679,"[41, 141]",8,8,OPTIMAL,1.48
202683,"[41, 152]",8,8,OPTIMAL,1.34
202687,"[41, 172]",8,8,OPTIMAL,1.39
202691,"[41, 202]",8,8,OPTIMAL,1.41
202695,"[41, 216]",8,8,OPTIMAL,1.32
202699,"[42, 109]",7,7,OPTIMAL,0.21
202703,"[43, 62]",6,6,OPTIMAL,0.04
202707,"[43, 74]",6,6,OPTIMAL,0.04
202711,"[43, 109]",7,7,OPTIMAL,0.08
202715,"[43, 133]",6,6,OPTIMAL,0.04
202719,"[43, 155]",6,6,OPTIMAL,0.04
202723,"[43, 188]",6,6,OPTIMAL,0.04
202727,"[43, 203]",6,6,OPTIMAL,0.04
202731,"[44, 73]",8,8,OPTIMAL,1.40
202735,"[44, 107]",8,8,OPTIMAL,2.01
202739,"[44, 142]",6,6,OPTIMAL,0.04
202743,"[44, 178]",6,6,OPTIMAL,0.04
202747,"[44, 218]",6,6,OPTIMAL,0.04
202751,"[46, 73]",8,8,OPTIMAL,1.47
202755,"[46, 100]",6,6,OPTIMAL,0.04
202759,"[46, 114]",5,5,OPTIMAL,0.02
202763,"[46, 131]",6,6,OPTIMAL,0.04
202767,"[46, 146]",8,8,OPTIMAL,1.54
202771,"[46, 158]",8,8,OPTIMAL,1.51
202775,"[46, 202]",5,5,OPTIMAL,0.02
202779,"[46, 228]",5,5,OPTIMAL,0.02
202783,"[47, 109]",6,6,OPTIMAL,0.04
202787,"[61, 70]",6,6,OPTIMAL,0.04
202791,"[61, 148]",8,8,OPTIMAL,1.13
202795,"[61, 212]",6,6,OPTIMAL,0.05
202799,"[62, 92]",6,6,OPTIMAL,0.04
202803,"[62, 124]",6,6,OPTIMAL,0.05
202807,"[62, 139]",6,6,OPTIMAL,0.05
202811,"[62, 212]",6,6,OPTIMAL,0.04
202815,"[104, 137]",8,8,OPTIMAL,1.26
202819,"[104, 158]",8,8,OPTIMAL,1.24
202823,"[104, 189]",8,8,OPTIMAL,0.95
202827,"[107, 126]",8,8,OPTIMAL,0.83
202831,"[107, 137]",8,8,OPTIMAL,1.22
202835,"[107, 142]",7,7,OPTIMAL,0.18
202839,"[107, 174]",7,7,OPTIMAL,0.23
202843,"[107, 200]",7,7,OPTIMAL,0.23
202847,"[107, 217]",7,7,OPTIMAL,0.16
202851,"[107, 233]",8,8,OPTIMAL,0.87
202855,"[110, 121]",7,7,OPTIMAL,0.15
202859,"[110, 137]",6,6,OPTIMAL,0.04
202863,"[110, 178]",6,6,OPTIMAL,0.04
202867,"[110, 233]",8,8,OPTIMAL,1.28
202871,"[129, 158]",8,8,OPTIMAL,1.23
202875,"[131, 154]",7,7,OPTIMAL,0.20
202879,"[131, 212]",6,6,OPTIMAL,0.04
202883,"[134, 139]",8,8,OPTIMAL,1.84
202887,"[134, 155]",8,8,OPTIMAL,0.98
202891,"[134, 163]",8,8,OPTIMAL,1.49
202895,"[134, 177]",8,8,OPTIMAL,1.68
202899,"[134, 188]",8,8,OPTIMAL,1.30
202903,"[134, 232]",7,7,OPTIMAL,0.19
202907,"[137, 145]",6,6,OPTIMAL,0.04
202911,"[137, 161]",6,6,OPTIMAL,0.04
202915,"[137, 180]",7,7,OPTIMAL,0.16
202919,"[138, 214]",7,7,OPTIMAL,0.20
202923,"[139, 151]",8,8,OPTIMAL,1.47
202927,"[139, 182]",8,8,OPTIMAL,1.97
202931,"[139, 211]",6,6,OPTIMAL,0.04
202935,"[139, 228]",5,5,OPTIMAL,0.02
202939,"[142, 151]",7,7,OPTIMAL,0.14
202943,"[142, 167]",6,6,OPTIMAL,0.04
202947,"[142, 185]",6,6,OPTIMAL,0.04
202951,"[143, 146]",7,7,OPTIMAL,0.19
202955,"[151, 188]",7,7,OPTIMAL,0.08
202959,"[152, 226]",6,6,OPTIMAL,0.04
202963,"[154, 193]",7,7,OPTIMAL,0.15
202967,"[155, 211]",6,6,OPTIMAL,0.04
202971,"[155, 218]",6,6,OPTIMAL,0.04
202975,"[158, 167]",8,8,OPTIMAL,1.09
202979,"[158, 177]",8,8,OPTIMAL,1.35
202983,"[158, 184]",8,8,OPTIMAL,1.23
202987,"[158, 226]",8,8,OPTIMAL,1.28
202991,"[172, 177]",5,5,OPTIMAL,0.02
202995,"[172, 194]",6,6,OPTIMAL,0.03
202999,"[172, 216]",5,5,OPTIMAL,0.01
203003,"[172, 233]",8,8,OPTIMAL,1.38
203007,"[173, 185]",6,6,OPTIMAL,0.03
203011,"[174, 182]",6,6,OPTIMAL,0.03
203015,"[188, 214]",8,8,OPTIMAL,1.12
